RespondentID,Study,Age,Sex,EBRIQ01,EBRIQ02,EBRIQ03,EBRIQ04,EBRIQ05,EBRIQ06,EBRIQ07,SUIS01,SUIS02,SUIS03,SUIS04,SUIS05,SUIS06,SUIS07,SUIS08,SUIS09,SUIS10,SUIS11,SUIS12,PSIQ01,PSIQ02,PSIQ03,PSIQ04,PSIQ05,PSIQ06,PSIQ07,PSIQ08,PSIQ09,PSIQ10,PSIQ11,PSIQ12,PSIQ13,PSIQ14,PSIQ15,PSIQ16,PSIQ17,PSIQ18,PSIQ19,PSIQ20,PSIQ21,PSIQ22,PSIQ23,PSIQ24,PSIQ25,PSIQ26,PSIQ27,PSIQ28,PSIQ29,PSIQ30,PSIQ31,PSIQ32,PSIQ33,PSIQ34,PSIQ35
1311633743,1,52.3,Female,2,2,4,3,3,3,3,4,2,3,5,,1,5,1,3,5,5,5,9,8,9,9,8,9,9,9,9,9,9,9,9,9,9,9,9,9,9,9,9,9,9,9,9,9,9,9,9,9,9,9,9,9,9
1301266127,1,27,Female,4,4,3,3,1,1,2,1,2,5,3,4,2,5,4,3,4,4,5,11,11,11,11,11,11,11,11,11,11,10,11,11,11,10,11,10,11,11,11,11,11,11,11,11,11,11,11,10,11,11,11,11,11,11
1314024821,1,37.3,Female,3,2,2,2,2,2,2,1,2,5,2,5,1,5,3,3,3,4,4,11,11,11,11,11,11,11,11,11,11,9,11,11,11,11,11,11,11,11,11,11,11,11,11,11,11,11,11,11,11,11,11,11,11,11
1321700947,1,25.6,Female,2,2,4,3,3,3,3,5,3,4,4,4,2,3,3,3,2,1,1,10,9,9,9,9,10,9,10,10,10,10,10,10,10,10,10,10,10,10,10,10,10,10,10,10,10,10,10,10,10,10,10,10,10,10
1302540972,1,49.4,Female,1,1,1,1,1,1,1,2,1,5,3,5,1,1,1,1,5,1,3,10,10,10,10,10,10,10,10,10,10,10,10,10,10,10,10,10,10,10,10,10,10,10,10,10,10,10,10,10,10,9,9,9,9,9
1287486691,1,19.9,Female,2,2,4,3,2,4,4,3,2,4,4,5,2,3,4,4,4,5,5,11,10,10,10,11,11,11,11,11,11,11,11,11,11,11,11,11,11,11,11,11,11,11,11,11,11,11,10,11,11,11,11,11,10,11
1305337224,1,35.2,Female,1,1,1,1,1,1,1,3,2,4,4,4,3,5,3,3,3,3,3,10,10,10,10,10,10,10,10,10,10,10,10,10,10,10,10,10,10,10,10,10,10,10,10,10,9,9,9,9,9,10,10,10,10,10
1287037790,1,24.7,Female,4,3,4,3,3,4,4,3,4,5,5,5,3,5,5,5,5,5,5,11,11,11,11,11,11,11,11,11,11,11,9,11,11,11,9,11,10,11,11,11,11,11,11,11,11,11,11,11,11,11,11,11,11,11
1317604167,1,26.8,Female,2,1,2,1,1,1,1,3,4,3,5,5,3,5,5,4,4,3,4,11,11,11,11,11,10,11,11,11,11,10,10,10,10,10,10,10,10,10,10,10,10,10,10,10,11,11,11,11,11,11,11,11,11,11
1302560081,1,58.6,Female,4,3,4,3,3,4,3,3,2,4,2,4,2,3,3,3,5,4,4,11,11,11,11,11,11,11,11,11,11,10,11,11,11,11,10,10,10,11,10,11,11,11,11,11,11,11,11,11,11,10,10,10,10,9
1312679986,1,30.9,Female,4,2,5,3,3,4,2,4,5,5,5,5,1,5,3,5,5,4,5,10,11,11,11,11,11,11,11,11,11,10,10,10,10,10,11,11,11,11,11,10,10,10,9,11,11,11,10,11,11,11,11,9,11,11
1294497877,1,46.9,Male,1,1,2,2,2,1,2,4,4,5,4,5,1,3,3,4,5,3,4,10,9,9,10,10,9,9,9,9,10,8,9,9,9,9,9,9,9,9,9,9,9,9,8,9,9,9,9,8,9,9,8,8,9,7
1286824827,1,22.3,Female,3,3,4,4,4,4,3,3,3,5,5,4,2,2,4,3,4,2,2,11,9,10,11,10,11,10,11,10,10,10,10,11,11,11,9,11,11,11,9,11,10,11,11,11,11,10,11,10,11,11,11,10,11,11
1295433062,1,18.7,Female,3,3,3,3,3,3,3,3,3,4,4,4,3,4,4,4,4,4,4,9,8,8,9,9,8,9,8,8,8,9,9,9,9,9,8,7,9,9,8,9,9,9,8,9,9,8,9,9,9,8,9,9,11,9
1301221599,1,54.8,Male,1,3,1,2,3,2,3,3,5,3,5,5,1,5,2,5,5,5,5,11,11,11,11,10,11,10,11,10,11,10,10,10,10,10,10,10,10,10,10,10,10,10,10,10,10,10,10,10,10,8,10,8,11,10
1312570093,1,55.8,Female,1,1,1,1,1,1,1,1,5,3,5,5,1,5,3,1,5,1,1,11,11,11,11,11,11,11,11,11,11,10,11,11,11,11,11,8,11,11,11,11,11,11,11,11,11,11,11,11,11,9,11,11,9,11
1339290924,1,38.9,Female,3,3,4,3,4,3,4,5,4,5,5,5,2,5,2,3,3,2,1,11,11,11,11,11,10,11,11,11,11,11,11,11,11,11,9,11,11,10,10,11,11,11,11,11,11,11,10,10,11,10,9,9,9,10
1301635692,1,35,Female,2,2,3,3,2,3,3,3,3,5,5,3,1,1,5,3,3,3,3,10,8,9,10,8,8,9,9,8,9,8,9,8,8,7,8,9,8,7,8,8,9,9,9,9,9,8,8,9,9,9,9,9,9,9
1314557486,1,46.6,Female,2,2,3,3,2,2,3,2,5,5,5,5,3,1,5,5,5,5,5,8,10,10,9,10,10,10,10,8,10,9,9,9,10,9,10,10,10,10,10,10,10,10,10,10,10,9,10,10,10,11,9,11,9,11
1298469873,1,21.4,Female,2,3,2,2,3,2,2,1,2,5,5,5,1,5,5,5,5,5,5,11,11,10,11,11,10,9,11,10,10,11,10,11,11,11,9,11,11,11,10,10,9,11,11,11,11,11,11,10,10,11,11,9,11,11
1301830307,1,42.3,Female,3,3,4,4,4,3,3,4,3,5,4,5,2,4,4,5,5,4,4,11,11,11,9,11,11,11,9,10,10,11,11,11,11,11,11,11,11,11,11,11,11,11,11,11,11,10,11,8,11,11,11,11,11,11
1311703784,1,43.1,Female,2,3,4,2,2,3,3,4,2,4,2,2,2,2,2,2,2,1,4,8,9,9,9,9,9,9,8,7,9,9,9,8,7,8,8,8,9,10,9,9,9,9,9,9,10,8,9,10,9,8,8,9,8,9
1293579046,1,19.5,Female,2,2,4,3,4,3,4,4,4,4,5,5,4,4,5,4,5,5,4,10,9,9,11,8,10,10,10,10,10,10,8,10,10,8,8,10,9,10,10,10,10,10,10,10,10,10,10,10,10,10,10,10,11,10
1302485453,1,59.2,Female,2,2,2,3,2,2,2,3,2,4,4,4,2,4,2,4,4,3,4,10,10,10,10,10,10,10,10,10,10,8,8,8,8,8,10,10,10,10,10,10,10,10,10,10,10,8,10,10,10,10,10,10,10,10
1285656751,1,36.6,Female,2,2,3,4,2,3,3,3,2,2,4,5,4,5,5,5,5,4,5,11,10,8,11,10,10,11,10,10,11,11,10,10,9,10,11,11,11,11,10,11,11,11,11,11,11,9,11,9,11,11,11,11,11,11
1285496179,1,20.1,Female,2,3,3,3,3,3,2,5,4,4,4,4,4,5,5,3,4,4,3,11,10,11,11,10,11,9,10,10,9,10,10,9,10,10,8,10,10,8,9,10,10,10,11,10,10,10,10,10,10,11,9,10,11,11
1310001957,1,54.4,Female,1,1,1,1,1,1,1,3,4,5,3,5,1,4,4,3,5,4,2,11,11,11,11,11,9,9,9,9,9,10,10,10,10,10,9,9,9,9,9,11,10,10,10,11,10,10,10,11,10,9,10,11,10,11
1312646071,1,36.8,Female,2,2,3,3,2,3,3,1,1,3,5,5,3,3,1,3,3,3,3,11,11,11,11,11,11,11,11,11,11,8,8,10,10,10,10,10,10,10,10,11,11,11,11,11,11,11,11,11,11,10,10,11,10,9
1285542384,1,23.2,Female,3,3,3,2,3,2,2,4,4,5,5,4,2,5,3,3,3,5,4,9,10,9,9,9,10,9,9,8,8,8,8,8,8,7,9,9,9,9,8,10,10,10,10,10,9,9,9,9,9,10,10,10,10,10
1302504311,1,53.5,Male,1,3,3,2,2,3,3,5,3,5,3,4,4,4,5,2,3,3,4,11,11,11,11,11,11,11,11,11,7,9,11,11,11,9,11,11,11,11,11,11,11,10,11,10,11,11,10,11,11,11,11,11,11,11
1305454884,1,33.7,Female,3,1,5,3,2,4,3,4,2,4,2,4,1,4,2,2,4,5,5,11,11,11,11,11,10,10,11,9,11,8,11,11,9,9,11,11,11,11,11,11,11,11,11,11,11,9,9,11,10,11,11,11,11,11
1302480532,1,32.9,Female,4,4,4,3,4,3,4,4,3,5,4,4,1,5,3,4,4,4,4,10,10,10,10,10,9,9,9,9,9,8,8,6,8,8,8,10,9,9,9,10,10,10,10,10,9,9,9,9,9,9,9,9,9,9
1284592580,1,25.8,Male,1,1,1,1,1,1,1,1,1,3,2,4,1,3,1,3,3,4,2,9,9,9,9,9,10,10,10,9,8,7,8,9,9,9,9,8,9,7,8,9,9,9,8,10,10,9,8,10,9,10,10,10,10,10
1291623421,1,42.7,Female,4,3,4,3,3,3,4,3,1,3,1,5,3,5,4,4,5,5,4,11,7,9,11,11,11,11,9,11,11,9,11,11,11,11,11,11,11,11,11,11,11,11,11,11,11,11,11,11,11,11,11,11,11,11
1312867597,1,56.6,Female,3,2,3,3,2,3,2,4,3,4,4,4,2,4,2,3,4,4,3,10,9,8,10,8,9,9,7,9,8,8,9,9,9,9,9,9,9,7,9,9,10,9,9,10,9,9,10,9,9,8,8,7,8,7
1300333687,1,36.1,Female,3,3,3,2,3,2,3,4,4,5,2,5,4,4,5,4,5,5,5,10,9,10,10,10,9,10,10,10,10,9,8,9,8,9,9,9,9,9,9,9,9,10,9,10,10,9,8,8,9,9,10,10,6,8
1317079393,1,41.7,Female,1,4,2,4,3,2,3,2,5,5,5,5,2,1,5,4,5,5,5,10,9,10,10,9,9,9,7,8,8,8,6,7,7,8,8,8,8,8,8,9,8,8,8,9,9,9,8,9,8,9,9,9,9,9
1286345084,1,18.6,Female,2,3,4,3,3,4,3,4,3,3,5,5,2,2,3,3,4,5,4,11,10,11,11,10,11,9,11,9,11,10,11,10,7,9,10,10,11,11,10,10,11,11,11,10,11,11,10,11,11,11,11,11,11,11
1285072256,1,18.7,Male,1,1,3,3,1,3,1,5,1,5,5,5,1,5,5,3,2,4,5,11,11,11,11,11,11,11,11,11,11,10,10,8,9,9,9,10,10,10,8,11,11,11,11,11,11,11,11,11,11,11,11,11,11,11
1288329257,1,42.9,Female,4,3,4,4,3,4,3,3,2,3,4,5,1,5,2,2,5,5,5,11,10,11,11,11,10,11,10,11,10,6,10,10,10,10,10,10,10,9,10,10,10,10,10,10,10,10,10,10,10,11,10,9,11,9
1304030804,1,36.5,Female,3,1,3,3,2,2,2,5,4,5,5,5,1,5,3,3,4,3,4,11,11,11,11,11,11,11,11,11,11,10,10,10,10,10,10,10,10,10,10,10,10,10,11,11,8,10,9,8,10,9,9,10,8,9
1310170326,1,18.7,Male,3,3,3,3,3,3,3,3,3,3,3,3,3,3,3,3,3,3,3,7,6,7,7,7,6,7,7,6,7,8,8,7,7,7,8,7,7,8,7,9,9,9,9,9,6,7,7,7,7,6,8,7,7,6
1349357132,1,29.3,Female,4,2,4,4,2,4,2,1,2,4,4,4,2,5,4,2,2,2,2,11,11,10,8,11,10,11,11,11,10,10,10,10,11,11,9,9,10,10,9,9,10,10,9,10,10,9,11,10,10,10,9,10,7,10
1284939677,1,18.9,Female,1,1,3,4,1,2,2,1,1,1,2,3,2,3,2,2,2,4,4,11,11,11,11,11,9,10,9,9,9,9,10,10,9,9,9,10,9,9,9,9,9,10,10,9,9,10,7,8,9,9,11,9,11,9
1310244466,1,23.7,Female,2,4,4,4,3,4,4,5,5,5,5,5,3,5,2,4,5,5,5,11,8,7,11,11,11,11,11,11,11,11,11,11,11,11,11,11,11,11,11,11,11,11,11,11,11,11,11,11,11,11,11,11,8,11
1285474231,1,20.5,Male,3,3,4,2,3,4,4,3,3,5,5,4,1,2,3,3,3,4,3,11,11,11,11,11,11,11,11,11,11,8,7,11,11,11,11,11,11,11,11,11,11,11,11,11,11,11,8,11,11,11,11,11,11,11
1316783454,1,28.8,Male,3,3,4,4,4,4,3,3,2,4,4,4,2,5,3,4,4,3,2,6,6,6,7,8,8,9,8,8,9,7,7,8,9,8,8,9,9,8,8,7,9,9,8,8,9,6,8,7,7,7,7,7,8,7
1311501211,1,49.8,Male,1,1,2,1,1,1,2,3,5,5,4,5,1,4,4,5,4,2,4,11,11,11,11,11,9,11,11,9,11,11,11,9,11,11,11,11,11,10,11,9,11,9,11,9,11,11,8,9,9,11,11,10,11,9
1297097820,1,48.7,Male,3,3,3,4,2,1,1,2,4,4,1,5,2,5,1,3,4,3,4,11,11,11,11,11,10,9,7,10,9,9,9,10,10,8,11,11,11,11,11,10,10,10,10,11,10,10,10,10,8,10,10,10,10,10
1285631815,1,18.9,Female,2,4,5,3,3,4,4,1,1,3,4,5,2,1,3,4,5,5,5,11,9,11,10,10,11,10,6,10,10,9,9,9,9,8,9,9,10,9,9,10,10,10,9,10,10,11,9,10,9,9,8,9,9,9
1289510919,1,20.1,Female,4,3,2,3,3,3,3,5,4,3,5,5,2,3,5,4,4,5,5,10,8,10,11,10,9,11,10,9,10,8,10,9,9,10,7,10,11,9,10,11,9,10,9,11,10,10,9,8,9,9,10,10,8,9
1290623786,1,30.9,Female,3,2,3,2,2,3,2,3,2,4,3,4,3,3,2,2,3,4,2,9,7,7,9,8,8,6,5,7,8,6,6,6,6,5,5,7,7,6,6,7,7,6,7,7,8,7,6,7,7,7,7,8,7,6
1293717589,1,21.5,Female,2,3,4,4,2,2,1,2,5,5,5,5,1,5,5,4,4,5,4,11,10,11,11,11,11,11,11,11,11,8,11,10,11,11,9,11,9,11,10,8,11,11,11,9,11,10,10,11,11,11,10,8,11,9
1302582893,1,37.9,Female,2,1,3,3,2,3,2,4,2,5,4,5,2,4,5,5,5,4,5,11,11,11,11,11,7,10,11,8,11,10,11,10,11,11,10,11,11,10,10,11,11,11,11,11,11,8,11,9,10,10,11,10,11,11
1314180912,1,20.9,Female,2,2,3,5,2,3,2,2,2,5,4,5,1,5,5,5,5,5,5,10,9,9,9,9,10,10,10,10,10,11,9,11,10,10,7,10,10,10,8,10,9,11,9,10,10,11,10,11,11,10,9,11,7,10
1313969588,1,21.2,Male,2,2,2,2,1,1,2,4,3,4,4,4,1,4,4,4,4,3,3,8,8,7,8,7,7,7,6,7,6,5,5,7,6,7,6,8,8,9,9,7,7,7,7,7,7,7,5,7,6,8,7,7,5,7
1302498117,1,43.7,Female,3,2,1,1,2,3,1,1,4,5,5,5,1,5,5,4,5,5,5,9,9,9,9,9,9,9,9,9,9,9,9,9,9,9,9,9,9,9,9,9,9,9,9,9,9,9,9,9,9,9,3,9,9,9
1317713877,1,32.1,Female,4,3,2,4,1,1,2,4,2,5,4,1,2,2,1,5,1,2,5,11,11,11,11,10,11,11,10,9,10,7,11,9,10,11,8,11,10,11,9,9,10,11,10,10,10,10,10,10,11,9,10,8,11,10
1312639412,1,36.9,Female,2,2,3,3,3,2,3,4,3,5,4,4,1,5,2,5,4,1,4,11,10,11,10,11,6,9,11,10,10,9,10,11,10,10,10,10,11,11,9,10,9,11,10,11,10,9,9,10,10,10,10,9,10,8
1302545191,1,52.8,Male,2,2,2,1,2,2,1,5,3,5,2,5,1,1,5,4,4,2,5,9,9,10,9,9,9,9,9,10,7,8,7,9,8,9,9,9,9,9,9,9,8,9,7,9,8,8,8,9,9,8,6,6,6,8
1288841723,1,18.4,Female,1,1,2,2,1,1,1,4,5,3,3,4,2,5,4,3,4,4,3,11,11,11,11,11,9,9,9,9,9,7,9,9,9,9,11,11,11,11,11,11,11,11,11,11,11,11,11,11,11,11,11,11,11,11
1300343433,1,39.6,Female,3,2,5,4,3,3,3,4,2,3,4,2,2,5,5,4,3,5,4,6,6,8,8,6,7,8,6,8,8,8,8,8,6,8,6,7,6,6,7,9,7,8,9,9,9,9,8,8,8,7,9,8,9,7
1302292306,1,20.9,Male,3,3,3,2,3,3,3,5,2,2,5,5,2,5,2,4,4,3,5,9,4,9,8,8,6,7,6,7,7,6,6,6,7,7,7,7,9,8,7,8,8,8,7,7,8,7,7,8,8,9,8,6,7,8
1288880649,1,24.3,Female,1,1,1,3,1,1,1,2,4,5,3,3,1,3,5,4,4,4,5,11,11,7,11,9,11,11,9,11,8,8,11,11,11,11,10,10,8,10,10,11,11,11,11,11,11,11,11,11,11,10,10,10,10,10
1287014994,1,19.6,Female,1,2,4,3,2,3,3,1,1,2,3,4,1,2,5,4,4,4,4,11,9,9,11,9,8,9,9,8,9,7,7,8,8,7,8,9,9,10,9,7,8,8,7,7,9,9,8,9,8,9,10,9,10,7
1316293486,1,25,Female,3,3,4,3,2,3,3,5,4,5,5,5,4,2,5,5,5,5,5,11,9,10,11,9,11,11,9,10,10,8,10,10,10,9,7,9,7,7,8,10,10,10,9,8,10,10,10,9,10,10,10,10,10,10
1300534457,1,38.5,Male,2,1,4,3,2,3,1,2,4,5,2,3,4,5,3,4,3,3,2,8,8,10,9,9,8,7,7,6,8,8,6,8,9,10,9,9,9,8,10,8,8,7,8,8,9,8,8,8,9,8,7,7,6,6
1294065100,1,37.6,Male,4,4,3,3,4,3,4,2,4,5,5,4,1,5,4,4,4,2,2,11,9,10,11,9,10,10,10,10,10,7,7,7,9,8,11,10,11,11,10,10,10,10,11,11,10,9,9,9,10,10,10,9,10,9
1285048837,1,21.9,Female,3,4,4,4,3,4,4,3,4,4,4,4,3,3,4,4,4,4,4,8,10,11,10,9,9,10,10,11,10,8,7,9,10,10,7,9,10,9,10,8,9,10,9,9,8,8,8,8,8,8,7,9,7,8
1302495988,1,35.9,Female,1,1,1,1,1,1,2,3,2,5,2,4,4,4,4,3,4,4,4,10,10,9,10,10,8,10,10,7,10,10,10,9,10,10,10,9,10,9,7,9,9,9,9,9,9,10,9,8,9,7,7,7,7,7
1295371346,1,20,Female,1,1,1,2,1,1,1,1,1,3,5,3,3,3,5,3,4,4,5,11,11,11,11,9,9,11,11,11,5,11,11,11,11,9,11,11,11,11,11,11,11,11,11,11,11,11,11,11,11,11,11,11,11,11
1295977267,1,21.7,Male,2,2,3,2,2,2,3,2,4,4,4,4,4,3,2,3,3,3,4,9,9,9,8,8,9,8,9,9,8,7,8,7,7,7,5,7,7,8,6,7,8,7,7,8,7,8,6,7,9,6,9,9,5,8
1349359320,1,29.8,Female,4,4,3,3,5,3,3,4,2,5,4,4,2,1,2,2,2,1,2,10,11,7,10,11,8,8,8,8,8,8,8,8,8,8,10,10,11,11,10,10,10,10,11,10,10,10,9,10,10,10,10,10,10,10
1293694256,1,43.1,Female,1,1,1,3,1,1,1,3,3,5,3,3,2,4,3,4,3,4,3,7,5,6,6,6,3,4,3,4,4,2,3,2,3,2,4,3,4,4,4,5,4,4,4,4,5,4,4,5,3,5,5,4,4,4
1285669880,1,19.8,Female,1,1,2,3,1,1,1,1,1,5,3,4,1,3,3,3,1,3,3,11,11,11,11,11,11,11,11,11,11,11,11,11,11,11,7,11,7,11,9,11,11,11,11,11,11,11,7,11,11,11,11,11,11,11
1312834652,1,46.3,Male,2,3,3,3,2,3,3,2,3,3,4,4,2,4,3,2,2,2,3,10,5,9,10,10,9,9,9,7,9,9,9,9,9,9,7,8,7,9,8,7,9,9,9,9,8,7,6,7,7,8,10,8,8,8
1295532553,1,27.2,Female,1,3,3,4,2,4,3,4,3,4,5,5,3,5,2,4,3,3,5,10,9,9,10,10,9,8,8,9,7,9,10,10,9,9,7,9,8,8,8,10,8,8,9,9,10,10,6,8,10,11,11,10,11,10
1349357143,1,25.3,Female,3,4,4,3,4,4,4,2,4,4,5,5,2,5,5,4,3,4,5,11,10,11,10,9,8,7,10,8,7,11,11,11,11,10,10,11,11,9,11,10,11,11,11,11,11,10,11,9,11,10,11,11,9,11
1302578681,1,30.5,Female,2,2,3,3,3,4,3,1,4,4,2,5,1,1,3,2,4,4,4,10,8,11,11,9,9,11,11,9,8,11,11,11,11,11,11,10,10,11,11,9,10,10,11,10,6,10,11,10,8,10,8,10,11,9
1492607633,1,29.9,Female,1,1,3,4,2,4,2,1,5,5,1,5,2,5,2,5,5,5,5,11,10,11,11,11,11,11,11,11,11,7,11,11,11,8,11,8,9,10,11,11,11,11,11,11,11,11,11,11,11,9,8,10,7,10
1294499871,1,21.8,Male,4,4,5,3,4,4,4,2,4,5,5,5,3,4,4,4,3,5,5,10,8,9,10,8,10,11,9,8,7,8,5,8,8,9,9,9,10,10,8,10,9,8,8,9,10,7,6,9,10,9,9,9,10,8
1286956962,1,18.4,Female,1,2,3,4,1,3,2,3,5,5,5,5,1,5,3,3,5,5,5,11,10,9,11,10,10,9,11,10,9,10,5,11,11,8,10,11,8,11,9,10,10,8,9,9,11,11,9,10,11,11,10,10,10,10
1290006696,1,20.8,Female,4,2,3,3,2,2,4,4,5,5,5,5,4,3,5,3,5,5,5,9,8,10,10,9,10,10,7,10,8,7,8,5,10,9,7,10,8,10,8,10,10,9,9,10,10,8,9,10,10,10,9,9,7,10
1285110227,1,19.6,Female,1,1,2,3,1,2,2,2,3,4,4,3,2,2,4,4,4,3,4,7,7,9,10,8,10,10,8,8,7,7,10,9,10,7,7,8,10,9,6,8,9,9,7,10,7,9,9,8,10,7,8,9,9,6
1294212763,1,19.2,Female,2,2,4,4,5,4,5,4,5,4,3,5,4,5,3,4,2,5,5,10,8,9,9,10,9,10,11,10,7,7,6,10,10,10,10,10,9,9,7,7,10,9,8,8,10,11,9,9,10,9,9,7,10,8
1297742967,1,19,Female,2,2,4,4,2,4,4,5,3,5,5,5,2,2,5,5,5,5,5,11,11,11,11,11,11,11,11,11,11,11,11,7,7,7,9,9,9,9,9,11,11,11,11,11,11,11,11,11,11,11,11,11,11,11
1301983258,1,23.6,Female,4,2,4,4,2,4,2,4,1,2,2,4,1,5,4,3,4,3,2,10,9,8,5,10,7,10,10,9,7,10,9,8,10,10,10,9,11,9,10,11,10,10,9,10,10,9,9,9,10,8,8,9,7,8
1316247156,1,57.9,Female,2,2,2,3,3,2,3,4,3,4,4,4,2,2,4,4,4,4,4,8,7,8,7,8,7,5,7,6,5,4,4,6,5,4,5,7,8,6,5,7,7,8,7,8,6,5,8,8,8,6,6,7,6,7
1288287943,1,18.5,Female,1,2,3,4,2,3,2,4,2,5,4,5,1,4,3,4,5,4,4,11,9,11,11,10,11,11,11,9,10,6,7,11,11,9,11,11,11,8,9,10,9,10,11,11,10,11,8,10,9,11,9,10,11,11
1301870880,1,56.3,Female,3,2,3,4,3,3,2,2,2,4,4,4,2,4,2,4,4,4,3,9,9,9,9,9,9,9,9,9,9,5,5,5,5,5,8,8,8,8,8,8,8,8,8,8,8,8,8,8,8,7,7,7,7,7
1286141460,1,20.5,Male,2,2,4,4,2,3,3,5,3,1,5,3,1,5,3,3,5,3,5,10,7,8,6,9,8,9,8,7,7,7,4,6,6,4,7,7,8,7,5,7,6,6,7,7,6,7,8,8,7,7,8,8,8,9
1295754809,1,21.6,Female,5,5,5,2,4,5,5,5,4,5,5,5,4,4,4,5,5,5,5,11,11,11,11,11,11,11,11,11,11,10,9,8,8,10,11,8,9,8,11,9,7,7,8,8,10,9,10,10,10,11,10,10,10,11
1312679960,1,51.2,Male,2,1,2,2,1,3,2,4,3,3,2,2,1,3,1,1,1,1,3,7,7,10,7,9,8,7,7,7,6,5,5,7,3,7,8,8,7,5,7,7,7,7,9,8,8,6,5,8,7,7,6,7,7,6
1288507197,1,20.4,Female,3,3,4,4,4,5,3,2,1,5,4,5,2,4,5,3,3,4,5,10,8,7,9,11,9,11,9,11,9,6,7,9,8,9,7,7,7,8,8,9,9,8,9,8,9,8,9,7,9,8,9,6,6,7
1288563344,1,21.1,Female,1,3,3,2,3,3,3,1,1,5,3,5,1,1,5,1,3,1,2,9,9,9,9,9,9,9,9,9,9,9,9,9,6,9,9,9,9,9,6,9,9,9,9,9,9,3,9,9,9,7,7,7,7,7
1285458059,1,20.5,Male,1,1,2,2,2,2,2,4,3,4,4,4,3,2,2,4,3,4,4,6,9,9,8,9,7,10,10,8,10,8,8,9,10,9,8,6,9,9,6,9,8,10,7,9,7,6,10,8,6,9,10,9,10,8
1307135193,1,62,Female,2,3,2,3,3,3,2,4,2,4,4,4,2,4,2,4,4,1,4,10,9,8,9,9,9,10,9,9,9,7,10,7,9,9,7,9,9,6,8,9,10,10,10,9,9,8,9,7,9,6,9,6,5,7
1294926641,1,21.8,Female,3,2,4,4,2,4,2,3,3,5,5,3,3,5,5,3,3,3,3,7,9,10,9,10,7,7,7,6,8,7,7,8,10,8,7,10,8,10,9,10,10,9,10,10,10,8,9,9,10,9,8,6,10,7
1284974203,1,20.3,Female,2,2,4,3,1,4,2,5,1,5,5,5,3,5,5,5,3,3,5,11,9,11,11,10,10,10,7,9,9,10,9,8,10,8,8,10,9,9,7,11,10,10,11,11,11,11,6,10,7,9,10,10,9,10
1312669220,1,41.2,Female,3,2,3,4,2,2,1,2,1,3,2,5,1,5,4,4,5,5,5,11,11,11,11,11,11,11,11,11,11,11,11,11,11,11,11,11,11,11,11,11,11,11,11,11,11,11,11,11,11,11,11,11,11,3
1316041631,1,31.8,Female,1,2,3,3,2,3,3,1,2,5,4,2,2,1,5,1,3,3,1,8,5,6,8,5,6,3,6,4,6,4,6,6,7,7,6,7,4,7,5,3,4,4,6,5,7,7,5,3,5,6,5,7,6,5
1312826938,1,47.4,Female,3,3,3,4,3,3,3,5,3,5,3,3,2,4,4,3,3,2,3,6,8,5,9,9,9,9,7,9,9,9,7,9,8,9,10,10,10,10,10,10,9,10,11,10,10,11,10,10,10,9,10,11,7,9
1302548343,1,33.5,Female,1,2,3,3,1,2,1,3,1,5,3,5,1,5,3,3,5,5,5,10,10,10,10,10,8,9,8,4,8,9,8,11,9,10,9,8,10,8,9,9,9,9,9,9,9,8,9,9,10,11,7,7,11,7
1292667332,1,18.6,Female,3,2,4,4,3,3,3,4,3,5,5,5,2,4,5,4,4,3,5,11,8,8,11,10,11,11,10,11,11,7,7,11,11,10,8,11,11,11,9,11,11,10,11,11,10,11,7,8,10,11,11,11,11,11
1307618436,1,23.4,Male,2,1,3,3,1,1,2,4,4,5,3,4,2,2,4,2,4,5,5,9,10,8,7,10,11,11,10,9,11,10,6,9,9,10,11,11,11,11,10,9,10,11,10,10,11,11,10,10,9,6,9,10,10,7
1285508476,1,20.9,Female,2,2,4,3,1,3,1,1,1,3,5,3,1,5,3,3,1,3,5,7,5,7,7,8,9,8,6,7,8,3,7,6,9,8,9,9,9,8,9,9,8,6,6,7,9,7,6,8,7,8,7,6,9,6
1291119910,1,20.3,Female,4,4,5,4,3,4,5,3,3,5,4,5,2,5,4,5,4,4,4,10,10,10,10,10,10,9,7,10,9,8,4,7,8,8,8,8,10,8,8,8,9,9,8,10,7,9,8,8,10,10,11,10,11,9
1286894408,1,21.2,Female,3,2,4,3,3,3,2,2,2,4,4,4,1,4,2,4,2,2,4,10,9,9,10,8,9,8,8,9,8,7,6,8,7,6,4,7,7,6,7,6,6,6,7,7,8,8,6,4,7,8,8,7,6,8
1288348420,1,21,Male,4,2,4,3,3,3,2,5,4,5,3,4,2,3,2,4,4,5,4,11,8,11,11,9,6,9,8,7,8,8,9,8,10,10,6,7,9,7,9,8,8,9,6,9,9,9,7,9,10,10,10,10,10,10
1301417551,1,31.8,Male,3,2,2,4,2,2,2,4,3,5,2,5,1,3,1,3,5,5,3,11,9,11,11,11,11,9,11,11,8,11,11,11,11,11,11,11,11,11,11,11,11,11,10,11,10,11,9,11,11,9,9,6,8,6
1312569176,1,47.7,Female,2,3,4,3,3,3,4,4,4,4,5,4,3,5,5,5,5,4,5,10,10,10,11,10,7,8,9,8,8,7,9,9,9,10,9,8,9,9,9,9,8,9,8,9,7,9,9,6,9,6,5,7,6,6
1288302015,1,20,Female,2,1,2,4,2,2,2,2,1,2,4,4,2,2,5,3,5,3,3,10,6,8,10,8,8,7,8,8,8,6,8,9,7,6,7,9,9,9,9,9,9,9,9,9,9,10,4,5,8,8,7,6,8,7
1300626778,1,41.1,Female,2,3,4,3,2,3,3,4,2,4,3,4,4,1,4,2,2,2,4,6,7,7,7,7,9,9,8,7,9,5,7,7,7,6,5,6,4,4,5,7,7,7,6,7,8,8,8,7,6,9,8,4,8,9
1287836373,1,20.4,Female,2,2,2,3,2,2,2,3,4,5,4,4,2,4,5,4,5,4,4,10,9,9,10,8,9,10,7,8,10,7,9,10,10,7,10,10,10,10,10,6,6,8,9,8,8,6,8,6,8,10,8,6,7,9
1284943907,1,20.9,Female,3,3,4,2,4,4,4,3,3,3,4,4,2,3,5,5,3,4,4,11,9,9,9,9,9,10,6,8,10,7,9,11,9,8,7,11,9,11,10,11,11,11,11,11,11,11,7,11,11,9,8,9,10,9
1316698803,1,43.2,Female,2,3,3,3,2,3,3,4,2,5,3,4,2,4,4,4,3,2,4,8,9,9,11,10,10,7,9,10,8,10,10,10,10,10,9,8,10,9,9,10,10,10,10,10,7,7,5,6,9,10,10,8,6,10
1317606869,1,38.1,Female,3,4,4,3,3,4,5,4,3,3,4,4,3,3,4,4,5,4,4,11,7,11,11,11,11,11,11,11,7,11,11,11,11,11,6,11,11,11,11,11,11,11,11,11,11,11,11,11,11,11,11,11,11,6
1296643023,1,20,Female,2,3,3,4,2,3,3,1,1,4,4,3,1,2,3,3,3,5,3,10,7,6,10,8,8,9,8,9,6,7,6,8,10,6,3,7,9,8,7,7,7,8,9,9,9,9,6,9,8,7,8,6,7,8
1317610963,1,21.4,Female,2,2,3,3,2,3,3,5,2,3,4,2,2,1,3,2,3,4,4,9,7,5,8,6,7,7,8,6,6,4,3,3,7,3,4,7,7,6,4,6,5,7,6,6,6,5,4,7,6,7,6,7,7,6
1289187770,1,19.9,Female,1,1,2,1,1,1,1,2,3,4,4,4,2,2,5,4,4,3,4,11,10,10,10,10,11,11,10,10,9,4,7,9,9,8,7,11,10,9,8,9,11,10,9,11,11,11,10,10,10,11,10,8,10,9
1294447692,1,33,Female,2,2,3,3,2,3,3,4,2,5,5,4,1,5,4,4,3,3,2,11,6,6,11,6,7,7,6,7,9,5,4,6,6,6,7,7,7,4,6,8,8,8,8,8,7,7,7,7,7,7,8,8,8,8
1296817292,1,20.2,Female,1,2,2,3,1,2,2,5,3,3,2,4,3,5,4,3,4,5,3,11,9,9,10,10,10,9,8,7,5,7,6,9,10,6,8,10,8,8,9,6,7,7,9,8,9,8,6,6,8,10,8,7,9,9
1285627215,1,18.5,Female,4,4,5,4,4,4,5,5,4,5,4,5,5,5,5,5,5,5,5,11,5,7,11,6,11,9,9,9,8,8,11,10,9,10,10,11,11,11,11,9,10,10,10,9,11,9,8,10,10,9,10,8,11,8
1310162086,1,45.3,Male,2,2,4,2,1,3,2,2,2,4,4,4,2,3,4,4,4,3,5,4,5,8,8,8,7,8,7,8,8,7,8,9,8,8,8,8,8,9,8,9,8,7,7,8,9,8,9,8,9,4,4,5,9,5
1295813051,1,21.3,Female,2,2,3,4,2,4,3,4,5,5,5,5,3,4,2,3,3,5,3,10,8,10,4,10,8,9,8,7,7,6,7,7,7,7,9,9,9,8,9,9,9,9,7,7,9,7,10,8,9,9,5,6,10,6
1285572220,1,19.5,Female,2,2,4,3,2,3,3,4,2,4,5,3,1,5,5,5,4,4,4,11,7,9,11,8,10,9,7,9,7,8,6,7,8,8,7,8,8,8,8,7,6,5,6,5,8,9,6,7,8,9,5,9,6,8
1293008823,1,45,Female,2,3,4,4,4,4,4,4,1,4,3,3,2,3,3,2,2,1,2,8,2,8,8,8,9,8,8,9,8,8,10,10,10,10,10,10,10,10,10,10,10,10,9,9,10,10,8,10,10,10,10,10,10,10
1290888595,1,47.6,Female,2,2,3,4,2,2,3,3,1,5,4,4,4,2,3,4,4,5,4,11,10,8,11,9,11,11,10,11,10,11,11,10,11,11,8,9,8,5,9,8,10,10,10,8,10,9,9,8,10,8,8,7,7,7
1311670639,1,47.9,Female,1,2,3,2,2,4,2,5,5,4,3,4,1,4,5,4,5,4,4,11,11,11,11,11,11,11,11,11,11,11,11,11,11,11,11,11,11,11,11,11,11,11,11,11,11,10,11,11,11,11,11,10,2,11
1285494672,1,19.8,Female,3,2,3,3,2,3,2,3,1,2,3,4,2,2,4,4,3,1,2,9,5,8,10,7,10,9,8,8,7,5,8,9,9,7,7,10,8,9,5,10,9,8,5,7,10,9,9,9,8,10,8,7,6,7
1302691796,1,41.6,Female,3,3,4,2,3,3,3,4,2,5,4,5,2,5,3,4,5,4,4,9,11,11,11,11,11,11,11,10,11,9,11,10,11,11,5,11,10,10,5,11,11,11,11,11,11,11,11,11,11,9,8,11,9,11
1311662847,1,53,Male,2,2,2,2,2,2,2,5,4,5,3,4,2,4,4,3,4,4,4,9,8,9,10,9,8,8,8,8,7,4,7,5,7,6,8,6,7,7,7,10,9,9,9,10,10,9,9,9,9,10,10,10,10,10
1289850115,1,26.6,Male,3,4,4,2,3,3,4,2,1,4,4,4,2,4,4,4,2,5,3,9,9,8,9,9,9,9,9,9,9,8,6,7,9,7,4,7,8,5,6,6,7,7,7,7,7,8,3,7,8,9,9,9,9,9
1302550908,1,52.5,Male,4,3,2,4,4,2,2,1,2,5,2,5,1,5,4,,3,1,4,9,9,9,11,9,9,9,10,7,7,9,9,9,9,9,7,8,9,7,7,5,6,8,9,7,6,8,7,4,9,7,6,9,11,9
1284992784,1,18.5,Female,3,2,4,3,3,3,2,5,2,5,3,4,1,3,4,2,4,4,3,10,7,6,11,9,9,9,7,9,8,8,8,9,9,7,4,9,10,8,4,10,9,7,10,8,8,10,8,8,7,10,10,8,8,9
1284978474,1,19.3,Female,2,1,2,3,2,2,1,3,3,5,4,4,1,2,4,3,3,4,4,10,7,10,10,8,9,10,10,8,9,6,7,9,7,8,7,7,6,7,5,9,9,9,9,9,9,10,5,8,9,9,9,9,4,8
1301560057,1,20,Female,4,3,5,2,3,4,4,3,2,3,5,4,2,3,5,4,3,3,2,6,8,9,8,10,5,10,7,6,10,4,7,6,7,5,9,10,7,6,7,7,9,7,6,8,8,8,6,9,8,9,7,5,8,7
1312972084,1,37.7,Male,3,3,5,3,2,3,2,4,3,5,5,4,2,5,3,5,5,5,5,11,11,11,11,9,8,11,6,9,9,8,11,11,8,11,11,11,11,9,11,10,11,11,9,7,11,9,9,6,11,8,9,9,10,7
1285683827,1,20.9,Female,3,2,4,3,2,2,1,2,4,4,4,4,3,1,5,2,4,5,2,10,10,7,11,9,11,10,9,11,10,11,9,11,11,11,4,10,8,9,8,10,10,10,11,11,11,11,10,10,10,11,9,6,11,10
1288494267,1,21.2,Female,2,2,3,3,1,3,3,2,4,3,4,4,4,4,3,2,4,4,3,10,7,8,11,8,9,11,10,10,10,7,8,9,10,10,3,10,9,10,8,10,10,11,8,8,9,10,9,8,9,9,8,8,10,6
1286940854,1,21.3,Female,3,2,4,3,2,4,4,3,2,5,4,4,2,2,4,4,4,4,3,10,8,10,11,9,8,8,2,9,9,8,7,9,8,9,8,9,8,8,8,8,9,10,9,9,9,11,6,8,8,9,9,7,11,7
1304657787,1,32.5,Female,3,4,5,4,4,5,3,5,3,5,4,4,2,4,4,4,4,3,3,10,8,8,10,7,8,6,5,6,8,6,5,8,9,7,4,9,8,6,5,7,8,8,8,9,10,7,7,9,10,9,10,7,9,8
1311554173,1,29.9,Female,1,1,2,2,2,2,2,3,1,5,1,5,1,5,1,1,3,3,5,9,9,9,9,9,7,6,6,8,6,4,4,4,4,4,4,5,5,5,4,7,7,7,7,7,7,7,7,7,7,7,7,7,7,7
1286399617,1,18.8,Male,2,2,3,3,2,3,3,4,2,2,5,4,2,3,4,4,4,3,4,10,4,8,9,8,6,8,5,6,5,6,4,7,7,5,5,8,8,9,5,7,8,8,8,9,7,7,8,7,8,10,9,9,8,8
1301677780,1,18.6,Female,1,2,4,3,3,4,3,4,3,4,4,5,3,2,4,3,5,4,4,8,6,8,8,7,8,8,6,6,5,5,4,8,8,8,3,4,4,5,4,7,6,6,5,4,6,8,4,6,6,7,9,7,8,5
1285960088,1,22.2,Male,1,1,2,1,1,1,1,2,4,4,4,5,1,3,4,4,5,5,5,11,11,11,11,11,11,11,11,11,11,8,8,8,7,7,5,8,10,10,7,9,8,8,9,7,10,10,8,7,9,10,10,8,10,8
1294063239,1,19.5,Female,1,1,1,2,1,1,1,2,3,4,5,2,2,3,4,4,4,2,3,11,11,11,11,11,11,11,10,11,11,11,11,11,11,11,8,11,9,11,11,11,11,11,11,11,11,11,6,11,11,11,11,11,3,11
1300354241,1,56.6,Female,1,2,2,3,2,2,2,3,4,4,2,4,2,4,1,1,3,4,4,9,8,5,11,8,9,6,6,8,7,4,4,7,7,5,5,9,7,7,7,7,5,7,7,7,9,6,9,8,9,7,9,5,5,8
1307213676,1,31.6,Male,2,2,2,1,2,2,2,2,2,4,4,4,3,5,4,4,4,4,4,9,9,9,9,9,7,10,10,8,3,9,9,9,7,8,4,9,9,9,9,9,9,11,9,9,5,7,9,9,9,8,9,6,10,9
1301870129,1,57.4,Female,3,1,4,4,3,4,3,3,1,4,2,4,1,5,5,4,4,3,5,8,9,10,10,10,10,9,9,10,9,11,11,11,11,11,10,10,10,10,10,10,10,10,10,10,9,8,8,7,9,8,5,7,5,5
1312649916,1,23.8,Female,2,2,4,3,1,3,2,2,2,1,4,3,1,1,3,1,2,3,3,8,9,6,9,7,7,6,9,7,5,5,7,6,7,5,9,9,8,10,8,4,6,7,4,7,7,8,6,5,7,7,4,3,7,6
1302531368,1,34.5,Female,1,1,4,3,2,3,2,5,1,5,3,5,2,4,4,3,5,5,3,9,9,6,10,9,5,7,6,6,7,8,6,3,7,8,8,9,9,6,9,9,8,9,8,8,8,6,5,5,8,7,8,8,5,4
1300530382,1,44,Female,3,2,4,4,2,3,2,4,3,4,4,4,2,4,4,4,4,5,4,10,8,8,5,9,9,9,9,6,6,7,8,9,9,10,6,10,9,7,5,9,9,5,8,7,10,8,5,7,9,10,9,10,11,9
1286942217,1,22.4,Female,1,1,1,2,1,1,1,4,3,4,5,5,2,4,5,2,4,5,3,10,9,7,11,9,9,10,7,11,6,7,5,6,6,7,7,9,6,8,8,10,9,11,10,10,11,9,9,10,10,8,8,8,7,7
1302467496,1,24.1,Female,4,3,3,2,3,2,3,5,3,5,5,1,1,3,1,5,1,5,5,7,8,9,8,9,8,6,8,9,9,8,4,9,9,9,5,7,7,6,5,10,10,10,9,8,10,10,10,10,10,10,10,11,9,9
1298717626,1,19,Female,2,2,2,3,2,2,3,2,3,2,4,5,3,5,5,4,5,5,5,11,10,10,11,10,11,11,11,11,11,8,8,9,9,8,7,7,9,8,9,7,8,9,8,6,7,6,6,7,7,8,6,8,10,7
1286445487,1,19,Female,3,2,4,3,3,3,4,3,1,5,5,5,1,2,1,1,1,1,3,11,8,8,11,7,10,6,7,8,7,7,8,7,8,6,6,6,5,6,5,5,5,5,6,6,9,7,8,8,6,10,7,7,10,8
1300305449,1,50.9,Female,1,2,4,4,1,3,2,5,2,5,5,4,2,5,4,4,3,1,5,10,10,9,10,9,10,8,9,7,8,4,5,5,6,6,8,8,7,7,8,8,8,8,8,8,9,8,7,9,8,9,10,9,9,3
1316138680,1,19.4,Female,2,2,2,4,2,2,2,4,5,5,5,4,2,1,2,4,4,3,4,10,8,8,11,8,7,8,8,6,6,5,5,6,7,4,3,6,7,6,6,5,5,7,5,8,7,6,4,5,4,7,7,6,8,5
1294098942,1,20.2,Female,1,1,2,3,2,2,3,2,1,5,4,5,1,5,4,4,5,5,5,11,11,11,11,11,11,11,8,11,11,8,6,9,10,9,4,8,7,8,8,11,11,11,11,11,10,8,10,9,11,9,9,9,9,9
1294016623,1,20,Female,2,2,4,4,2,3,2,3,2,4,4,3,3,4,4,4,4,4,4,9,6,9,10,8,9,8,6,9,7,4,3,7,6,6,4,8,9,8,8,9,9,9,7,7,8,8,8,7,8,8,7,6,11,6
1311598721,1,45.1,Female,2,2,4,3,2,3,2,5,3,,5,2,3,2,5,4,3,1,2,8,9,8,6,5,7,8,7,3,4,5,6,5,7,7,3,8,6,9,6,4,5,7,9,8,5,8,4,5,7,6,5,7,5,4
1284509212,1,20.3,Female,2,2,3,4,2,2,2,4,1,2,4,4,4,5,5,4,3,2,4,6,7,8,11,8,7,7,7,5,6,5,5,5,5,5,3,6,5,5,3,5,5,6,5,7,8,7,5,6,7,8,7,8,10,8
1303463450,1,19.3,Male,1,1,1,4,1,1,1,5,5,5,5,5,1,5,2,3,4,3,5,11,11,11,10,10,11,11,9,11,11,9,3,8,8,9,10,10,10,9,10,9,10,10,9,11,6,7,6,9,9,10,10,10,10,9
1314082910,1,37.7,Female,2,2,3,2,1,2,2,3,3,4,3,2,1,4,2,2,2,1,2,6,8,7,6,6,7,8,7,7,8,4,4,4,4,4,4,5,6,5,3,8,8,7,7,7,8,9,7,8,8,8,8,8,9,9
1312797009,1,36.1,Female,2,2,3,3,2,2,3,3,1,5,2,2,1,5,5,2,2,2,2,11,11,11,11,11,11,11,11,11,11,6,11,11,11,11,7,7,7,6,7,11,11,11,11,11,11,11,11,11,11,8,9,10,8,9
1301921325,1,41.5,Female,2,3,4,2,2,2,3,3,2,4,4,5,2,4,3,4,4,2,3,10,10,8,10,9,9,11,11,10,10,9,9,9,10,9,3,9,8,9,7,6,7,9,9,8,9,6,8,5,9,10,10,6,10,9
1312562445,1,42.8,Female,1,1,3,3,2,3,2,3,1,5,4,5,3,1,1,3,5,5,5,11,11,11,11,11,11,11,11,11,11,5,8,8,10,10,9,9,9,7,9,8,9,10,10,10,11,11,11,11,11,9,8,5,9,6
1288195327,1,31.6,Female,1,1,2,3,1,1,1,1,1,4,4,4,1,5,2,2,2,2,2,11,10,10,10,9,9,10,10,8,10,8,7,9,8,9,9,9,11,10,9,9,9,10,10,7,10,9,8,8,10,5,5,5,5,5
1286159313,1,18.8,Male,1,1,1,1,1,1,1,5,1,5,5,5,5,5,4,5,5,4,5,11,11,11,11,11,11,11,11,11,11,11,11,11,11,11,11,11,11,11,11,11,11,11,11,11,11,11,11,11,11,6,6,6,6,6
1287526497,1,20,Female,4,2,5,4,3,4,5,2,5,5,3,5,1,5,4,2,5,4,5,11,11,11,11,11,11,11,11,10,10,11,9,11,11,11,1,11,10,11,9,10,11,11,9,11,11,9,10,11,11,10,11,9,11,9
1300419026,1,41.1,Female,2,2,3,2,3,3,4,2,1,2,2,3,2,1,3,1,2,2,4,7,9,10,10,9,8,8,8,9,7,4,3,5,3,4,6,6,6,7,5,7,6,7,8,8,8,7,5,7,6,6,5,7,5,6
1298788625,1,21.3,Female,1,2,2,1,2,1,2,4,3,4,4,4,1,3,2,3,2,2,3,8,9,10,9,7,10,10,10,10,10,8,10,11,10,9,3,7,6,4,6,9,9,10,10,7,9,10,10,10,10,9,9,9,9,9
1290111952,1,19.2,Female,3,3,4,4,3,4,4,3,4,4,5,5,3,4,5,4,5,4,5,11,10,10,11,10,10,10,8,8,9,6,7,10,9,8,1,9,7,9,7,9,9,9,9,9,8,10,10,7,9,9,9,9,10,10
1285121863,1,19.7,Female,3,2,3,3,2,2,2,3,4,4,4,3,4,4,4,3,4,4,4,11,9,9,11,11,9,10,9,10,9,6,4,7,5,6,4,9,6,7,9,8,10,8,8,9,8,9,8,9,8,8,8,6,9,9
1309110295,1,24.2,Male,2,2,4,3,2,4,3,2,4,3,3,5,2,3,4,3,4,3,4,10,8,9,10,9,10,10,10,10,10,3,9,7,11,11,6,9,10,10,6,11,11,11,11,11,11,10,10,11,11,11,11,11,9,11
1284945964,1,20.3,Female,2,2,4,3,3,3,2,1,1,4,4,4,2,3,5,2,4,3,4,11,11,11,11,11,11,11,11,11,11,10,8,11,11,11,7,10,11,9,11,10,10,10,9,10,10,11,6,10,10,10,9,5,6,5
1284626974,1,19.6,Male,2,2,2,1,2,1,2,3,3,5,3,5,4,4,4,5,5,5,4,10,10,11,9,10,11,8,9,8,9,7,4,6,5,7,7,7,8,7,8,8,7,8,8,8,7,6,5,6,6,10,11,10,7,10
1302583316,1,40.1,Female,2,2,4,3,2,3,2,1,2,5,4,3,1,1,4,4,4,4,4,10,10,10,11,9,1,8,9,8,9,9,9,9,3,9,9,9,9,9,9,9,9,9,9,9,9,6,9,9,9,8,8,8,8,8
1285691872,1,19.3,Female,2,2,3,3,3,2,3,3,2,4,4,5,2,2,5,2,3,2,2,11,7,9,11,7,9,8,7,10,8,6,4,7,10,5,7,10,11,6,8,8,9,7,5,5,9,10,8,9,8,9,9,7,7,6
1386237437,1,32.8,Female,4,2,3,4,1,5,5,4,2,1,1,1,1,1,2,1,1,2,2,2,10,7,7,7,11,11,11,11,9,10,10,11,11,11,11,11,11,11,11,11,11,11,11,11,11,11,10,10,10,11,11,11,11,11
1302489137,1,44.4,Female,3,3,4,3,3,3,3,3,2,5,5,4,2,5,4,4,4,3,4,9,9,11,11,9,11,8,11,9,4,4,7,8,10,7,7,10,9,7,6,8,9,7,4,9,8,8,6,8,7,8,9,7,8,9
1316098031,1,41.5,Female,3,3,3,3,3,3,3,3,4,4,4,4,2,5,2,1,3,3,3,8,10,7,10,8,7,6,8,8,10,5,4,7,9,9,1,7,8,7,8,4,7,7,7,6,8,5,8,8,9,6,8,8,7,9
1312747479,1,25.5,Female,3,4,4,4,4,4,4,2,2,2,3,2,1,4,2,2,2,2,5,4,6,5,5,6,3,2,4,2,3,1,1,1,1,1,1,1,1,1,1,1,1,1,1,1,2,8,1,1,1,3,2,1,1,1
1296864896,1,21.3,Female,2,2,3,3,2,2,2,4,3,5,5,3,3,4,2,3,4,4,3,11,7,10,11,7,5,8,10,7,10,7,9,7,7,4,7,8,9,4,8,5,7,6,9,10,8,10,10,7,8,9,7,6,10,8
1294173657,1,19.6,Female,2,3,2,2,3,2,4,4,4,3,5,4,3,5,4,3,4,4,3,10,7,7,10,6,11,11,7,11,9,4,6,7,9,8,8,11,6,9,8,11,10,10,8,8,9,6,7,8,11,10,11,10,10,9
1303211500,1,19.8,Female,2,3,3,3,1,1,1,5,3,5,5,5,1,1,3,3,3,5,5,11,11,11,11,11,11,11,11,11,11,6,6,6,6,6,8,10,11,11,8,11,11,11,11,11,9,11,11,9,11,8,9,8,9,8
1291614873,1,18.7,Female,1,1,3,3,1,2,1,3,1,5,2,2,2,3,5,4,4,5,2,6,7,8,11,8,9,9,7,9,7,5,9,9,8,6,8,8,9,4,9,6,7,4,8,7,8,6,4,6,7,9,9,8,2,7
1309493777,1,38.5,Male,1,1,2,2,1,3,2,5,3,5,1,5,3,1,1,1,3,1,1,7,5,4,8,5,2,2,2,2,2,4,6,4,6,7,4,7,4,4,4,5,5,4,5,6,2,2,2,2,2,2,2,2,2,2
1309944856,1,31.3,Male,3,4,3,3,3,3,2,5,4,5,5,5,4,5,5,5,5,3,2,9,10,11,11,10,9,11,11,11,11,6,10,11,11,11,11,11,11,11,11,10,10,10,9,10,10,10,1,10,11,11,11,11,11,11
1295543992,1,20.9,Female,2,2,3,3,2,3,2,3,1,3,3,4,1,2,4,2,2,3,4,9,5,9,7,8,6,8,9,5,8,4,9,9,8,6,2,9,10,9,6,9,9,9,9,8,9,10,9,8,10,9,9,9,5,8
1294183533,1,18.7,Male,2,2,3,3,2,3,3,4,2,2,2,5,2,4,5,4,4,3,4,11,7,11,11,9,10,8,9,10,7,6,5,9,10,6,2,11,9,8,6,8,8,8,8,8,8,9,6,9,9,9,8,9,7,8
1294130053,1,20.7,Female,3,4,4,2,4,3,4,3,1,4,4,4,3,1,3,2,2,1,4,11,9,9,11,7,11,11,9,10,9,6,4,6,5,7,9,10,9,8,9,7,9,9,7,7,10,10,9,10,9,11,11,11,11,11
1317608066,1,30.5,Female,1,1,4,3,3,4,2,2,1,3,1,5,3,4,5,4,5,5,5,9,9,10,8,10,7,6,11,7,10,8,7,9,10,9,5,8,5,10,3,10,11,9,10,9,8,9,7,7,9,10,9,7,10,5
1315921441,1,33.3,Female,3,2,3,3,2,2,2,5,1,5,5,5,3,3,3,5,5,5,3,9,9,8,11,8,7,9,10,7,9,6,3,8,6,6,10,10,10,10,10,11,10,11,11,11,11,11,9,10,10,11,11,9,11,9
1300489812,1,19.5,Female,1,1,2,3,1,1,1,2,1,4,5,5,1,4,2,3,5,5,5,10,8,5,3,7,7,7,10,9,8,9,10,8,5,5,10,10,9,10,8,9,9,10,11,11,9,9,8,8,10,10,9,6,11,8
1291826745,1,20.3,Female,3,2,4,4,3,4,3,4,3,4,5,4,2,3,5,4,4,5,4,9,11,10,11,10,10,10,11,10,11,10,11,10,10,9,7,8,8,9,7,8,6,6,6,7,6,5,6,8,7,9,9,6,11,6
1312867866,1,21.8,Female,3,3,3,4,2,3,4,4,4,5,4,3,3,3,5,3,4,4,4,10,8,6,8,8,7,5,4,7,8,6,8,6,6,4,8,8,8,4,8,9,9,9,9,9,7,3,7,7,7,8,8,3,8,3
1285805821,1,21.4,Female,2,2,4,3,1,3,4,4,2,5,5,4,1,4,5,3,4,2,4,10,8,8,8,8,4,7,7,7,6,7,7,8,5,3,3,7,5,6,3,9,9,8,8,8,6,4,7,5,8,5,7,9,4,4
1286889275,1,25.9,Female,1,2,3,4,2,2,4,4,2,5,5,5,4,1,5,3,4,4,5,9,11,9,8,10,10,8,10,7,5,8,6,10,10,9,5,10,8,8,9,4,10,5,6,9,7,9,4,8,9,5,6,7,8,8
1300765059,1,44.1,Female,3,3,3,2,2,2,3,5,1,1,5,5,1,5,1,1,5,1,1,11,10,8,11,10,6,6,11,6,6,9,11,11,9,11,11,11,11,11,11,11,11,11,11,11,11,5,8,10,11,8,8,8,8,8
1292961308,1,19.2,Female,1,1,3,3,1,1,2,4,4,5,4,4,2,2,5,5,5,5,5,11,9,9,11,10,9,11,11,9,6,6,8,9,8,6,5,10,5,9,5,9,9,11,9,9,8,9,7,9,11,10,6,7,11,6
1286115374,1,30.9,Male,1,1,2,2,2,2,3,2,1,5,4,3,1,1,1,3,1,5,3,10,10,11,11,11,11,11,11,11,11,6,8,8,7,9,7,8,9,9,5,10,9,10,9,10,9,8,2,9,10,10,9,8,10,8
1286318816,1,19.5,Female,2,1,4,4,1,1,1,5,5,5,5,5,2,5,5,5,5,4,2,10,8,9,7,9,9,3,9,4,9,9,9,9,9,6,6,10,10,4,8,10,10,10,10,10,11,11,10,11,10,9,9,9,9,9
1317638745,1,29.9,Female,2,3,2,2,1,2,2,4,3,4,3,2,1,4,2,4,2,2,4,10,9,8,11,8,10,10,10,10,8,10,9,10,10,10,10,10,10,10,10,10,8,10,8,9,11,7,5,8,10,7,5,4,8,3
1312647894,1,59.5,Female,2,1,3,3,1,2,2,3,4,4,3,4,2,2,3,2,4,3,4,8,9,9,10,5,9,6,9,7,9,9,5,10,5,10,5,7,9,6,10,6,4,9,9,6,10,10,6,8,7,7,8,7,3,6
1312581700,1,23.9,Female,1,3,2,3,3,3,3,1,3,3,4,2,1,4,4,1,2,4,4,10,9,8,10,8,9,9,5,9,3,2,5,9,8,8,10,9,9,10,10,8,8,9,9,8,10,10,10,10,9,10,10,9,11,9
1286139605,1,20.2,Female,2,3,4,3,3,4,3,2,3,4,5,4,3,5,4,3,4,4,4,9,11,9,9,7,7,7,11,7,9,7,9,8,8,7,6,8,8,8,7,9,8,8,9,9,9,8,9,7,9,4,4,3,4,3
1289456155,1,19.3,Female,3,2,4,4,2,4,3,3,4,5,5,2,2,2,2,3,5,4,5,9,8,9,10,9,7,9,10,8,10,9,7,9,7,8,1,8,4,5,7,8,9,10,10,9,10,10,8,9,9,10,10,10,11,10
1285526893,1,20.3,Female,3,2,4,3,2,4,3,5,2,4,4,4,4,4,4,4,4,4,3,10,10,7,10,7,6,6,9,6,6,4,9,9,4,4,4,4,9,9,4,9,8,9,8,7,10,6,6,9,6,8,8,8,8,8
1290063508,1,19.7,Female,3,2,5,4,3,3,5,5,4,5,5,4,5,3,5,4,5,5,4,9,8,7,8,8,7,4,5,7,5,4,7,5,8,3,3,5,6,7,3,4,5,3,5,6,8,6,7,6,5,7,10,9,8,10
1298635860,1,43.6,Female,4,1,4,4,3,5,2,1,1,3,4,1,1,2,,3,1,1,4,11,11,11,5,9,11,11,11,11,11,10,7,11,11,9,6,11,11,10,6,11,9,11,10,10,9,7,4,11,9,9,9,11,11,7
1302531678,1,43.1,Male,2,1,3,3,2,2,1,3,4,5,5,5,1,4,3,4,4,3,3,10,7,7,9,9,7,8,5,10,10,6,7,9,9,9,4,6,4,8,3,9,7,7,5,6,9,8,4,8,9,10,9,7,10,5
1297384052,1,24.6,Male,1,1,2,2,1,2,2,1,1,3,2,1,1,5,1,3,1,4,3,9,9,10,11,9,6,7,7,6,6,6,6,6,5,7,3,8,2,2,7,7,5,7,4,7,7,5,7,6,7,8,8,6,5,4
1318075766,1,20.1,Female,3,2,4,3,2,5,3,3,4,5,2,4,1,2,3,4,5,5,3,10,6,8,9,5,8,9,7,8,5,3,9,7,6,5,7,10,8,7,4,6,7,8,5,9,10,8,3,5,7,9,9,10,10,8
1296658519,1,59.1,Male,1,2,3,2,1,1,2,2,3,2,1,2,1,2,1,3,3,3,4,5,8,8,9,8,5,8,4,3,8,2,2,3,3,3,4,4,4,5,3,5,5,5,5,5,6,2,6,5,7,3,4,3,3,2
1302561648,1,20.8,Female,2,3,2,3,4,4,3,3,2,5,3,5,2,5,5,3,5,3,5,11,6,9,11,7,8,8,8,7,9,6,4,4,8,5,3,8,7,9,8,10,10,9,8,8,8,9,4,9,10,10,9,7,10,8
1295008548,1,21.7,Female,2,3,4,3,3,5,3,5,2,4,5,4,1,5,3,4,2,3,2,5,9,9,11,10,4,11,9,8,5,9,10,11,9,11,9,8,11,9,5,11,10,11,11,10,8,5,10,8,10,11,10,9,10,11
1295927165,1,19.8,Female,5,4,5,4,5,5,5,5,5,5,,5,5,3,5,5,5,5,5,11,11,11,11,11,11,11,11,11,11,9,8,10,9,7,1,11,11,9,6,11,11,11,11,11,11,11,8,11,11,11,11,11,11,11
1290430132,1,23.7,Female,3,3,4,3,2,4,3,3,2,5,5,3,2,5,1,2,3,3,4,10,3,9,5,4,7,7,8,8,6,6,4,6,6,3,9,10,10,10,10,4,6,6,5,7,7,7,5,9,8,5,6,5,7,6
1302483145,1,45.4,Male,1,1,3,3,1,3,3,1,2,3,1,4,1,4,1,1,1,1,1,7,4,5,9,7,8,8,7,8,8,4,5,5,6,7,3,3,3,2,3,5,6,6,6,6,6,6,6,6,6,2,2,2,2,3
1294286021,1,24.7,Female,3,2,4,3,3,3,2,1,3,5,5,5,2,5,4,5,4,4,5,11,9,8,10,11,11,11,11,11,11,7,9,9,11,7,1,11,11,11,11,11,11,10,10,11,11,11,11,11,11,11,10,6,11,10
1297802967,1,21,Female,1,2,2,3,1,1,1,3,4,2,1,4,2,3,2,4,2,3,5,10,9,9,10,9,7,7,9,7,8,5,6,8,9,9,1,11,9,9,10,10,6,11,7,10,11,5,9,6,8,8,7,9,6,8
1304130274,1,18.7,Female,4,2,2,4,3,2,4,5,1,5,1,3,1,5,5,4,2,2,3,10,6,7,9,8,5,5,5,5,8,7,4,8,5,3,9,9,9,10,5,9,10,9,9,8,8,10,10,9,10,10,9,10,7,10
1296869987,1,20.1,Female,3,2,4,2,3,4,3,1,3,5,4,4,2,3,4,5,4,3,5,7,10,8,10,7,7,9,3,4,5,9,7,9,10,9,5,10,5,10,6,10,9,9,8,11,10,8,9,7,9,10,8,6,7,4
1285144730,1,21.1,Female,3,3,4,1,1,3,1,4,3,5,5,4,4,4,5,5,4,5,5,11,10,5,11,8,6,6,10,4,9,6,5,6,5,5,8,10,9,6,9,9,10,10,9,8,10,10,8,9,10,8,7,8,5,5
1303430733,1,21.9,Female,2,3,3,4,3,2,3,4,2,4,5,3,4,2,4,1,2,4,4,11,8,9,10,8,9,5,4,7,4,7,3,7,9,4,5,8,8,6,2,4,8,9,6,7,9,5,6,7,8,7,8,8,8,8
1287435218,1,19.5,Female,2,2,4,5,2,3,2,4,2,5,5,5,2,1,5,3,4,5,4,11,9,10,9,8,8,10,7,10,9,11,8,9,10,9,1,10,11,10,3,11,10,10,9,10,10,10,9,11,10,11,11,9,8,10
1289317158,1,21.2,Male,2,3,1,4,1,1,2,2,3,4,2,3,2,1,2,1,3,4,2,9,8,5,10,9,6,6,9,8,4,3,3,4,7,4,6,8,5,9,7,7,7,7,7,8,4,9,4,3,7,7,5,4,9,4
1295423417,1,20,Female,3,4,4,3,4,4,3,5,3,2,4,4,2,2,4,2,5,4,4,11,7,8,5,8,8,10,4,8,9,8,6,4,8,4,7,5,7,7,7,8,4,8,9,7,10,10,2,7,8,9,10,8,10,9
1302581121,1,27.5,Female,2,4,4,3,5,3,2,4,2,5,5,4,1,5,4,3,4,2,3,8,10,7,11,6,6,11,5,8,6,5,10,6,8,9,9,10,10,8,9,9,10,10,10,10,10,10,9,7,11,10,7,2,11,9
1286844681,1,18.9,Female,4,3,3,2,4,2,3,4,2,3,4,4,2,4,4,4,3,3,3,5,4,3,9,8,3,5,4,6,3,9,5,8,3,6,3,4,5,8,7,7,6,7,9,9,3,7,3,5,5,4,4,6,9,8
1298741016,1,20.3,Male,2,1,1,4,1,1,1,1,5,5,5,5,2,2,3,5,5,5,5,11,9,10,11,8,6,7,11,8,7,11,5,9,8,7,4,7,7,9,7,7,9,11,6,6,11,9,5,7,8,6,7,6,3,6
1294697486,1,18.9,Female,1,1,2,2,1,1,2,1,1,3,2,4,1,3,5,2,2,2,2,10,10,10,10,10,9,10,9,10,9,7,7,7,8,6,5,8,7,8,4,8,8,8,8,8,9,6,6,7,7,5,4,3,4,3
1307757368,1,22.1,Female,1,1,2,2,1,1,1,4,2,5,1,2,1,2,3,3,4,5,5,9,7,7,9,7,8,5,8,7,4,5,7,7,5,6,3,5,3,2,3,6,4,5,9,7,8,7,1,3,5,7,7,6,9,8
1290099941,1,19.7,Male,2,1,4,4,3,3,1,3,3,4,4,2,1,1,2,3,4,4,5,9,3,8,7,11,9,11,3,6,7,6,5,11,11,11,6,11,10,8,6,9,9,8,7,8,8,10,7,9,9,9,9,10,7,8
1313991083,1,30.7,Female,2,2,4,2,2,3,2,1,1,4,2,4,1,4,1,1,1,4,4,3,3,3,2,3,7,7,7,7,7,1,1,1,1,1,1,1,1,1,1,1,1,1,1,1,1,1,1,1,1,1,1,1,1,1
1309428270,1,45.9,Female,3,3,2,1,2,2,3,4,2,1,3,3,2,2,2,2,3,3,3,9,7,9,9,9,5,7,9,7,7,5,7,8,10,10,8,9,10,8,9,7,7,8,3,3,8,2,5,5,9,10,10,7,8,10
1309755914,1,19.8,Female,1,1,5,2,2,3,3,1,1,5,5,5,4,1,4,5,5,3,3,11,1,11,11,3,11,11,11,11,11,11,11,11,11,11,11,11,11,11,11,11,11,11,11,11,11,11,11,11,11,11,11,11,11,11
1285141398,1,20.3,Female,2,3,3,4,3,3,3,4,2,3,4,2,3,4,3,4,4,2,2,8,8,10,11,11,10,11,7,9,9,5,5,6,7,4,6,7,11,10,9,9,7,11,8,4,10,8,6,8,7,7,7,4,6,6
1286354484,1,18.5,Female,2,3,3,3,3,3,3,5,5,5,5,5,4,3,4,5,5,4,5,10,10,10,10,10,9,10,11,9,9,7,7,6,6,6,4,5,5,7,5,10,10,10,10,10,11,11,10,9,10,11,11,11,11,11
1285451041,1,21.9,Female,1,1,3,3,2,3,3,2,2,4,4,3,1,5,2,3,3,5,5,11,7,10,11,9,9,10,11,10,11,11,7,5,10,8,4,11,10,10,5,11,10,11,8,10,8,7,10,10,11,11,6,10,9,4
1290792942,1,33.3,Female,1,1,1,4,1,1,4,4,3,4,4,4,4,3,2,4,4,4,4,10,9,10,11,10,9,11,9,9,9,7,8,11,11,10,5,3,6,7,4,10,9,11,11,11,10,7,10,11,10,11,7,11,11,11
1316008445,1,39,Female,3,1,2,2,2,3,2,4,3,,2,5,1,1,2,1,2,4,4,7,3,4,11,3,8,9,9,10,9,10,7,10,11,10,11,9,10,11,11,11,11,11,11,11,8,9,10,9,10,10,10,11,9,10
1294811954,1,19.6,Female,1,1,2,3,1,1,2,4,2,2,4,4,1,5,4,2,3,4,2,9,5,9,9,10,3,5,6,8,4,6,7,9,8,6,4,8,9,7,8,8,5,3,4,7,9,2,4,6,7,5,3,7,7,4
1290007344,1,26.6,Male,4,3,3,5,3,3,3,4,4,5,4,5,3,4,4,4,4,3,4,11,7,7,10,10,10,11,7,9,9,7,8,11,3,11,11,11,11,8,10,9,10,7,10,11,11,8,7,9,10,9,10,7,2,8
1300007205,1,20.2,Female,4,5,5,5,5,5,5,3,2,4,4,5,2,5,5,3,4,5,2,9,11,8,11,6,10,10,10,10,10,5,11,8,9,9,3,11,11,8,9,11,11,11,11,11,11,9,10,11,10,9,11,11,3,11
1285864183,1,18.5,Female,4,2,4,4,2,4,4,2,2,3,5,4,2,3,4,4,4,5,3,8,3,10,9,10,9,7,3,6,8,9,4,6,6,8,8,3,5,7,4,7,9,7,8,9,10,10,7,8,10,7,9,4,6,5
1288042293,1,18.5,Female,3,3,3,3,3,3,3,3,3,4,4,4,2,5,3,3,4,3,4,10,9,8,9,9,7,9,10,8,8,7,4,4,8,9,1,8,9,4,7,5,8,3,7,6,9,10,7,8,9,9,8,10,8,10
1291022199,1,19.3,Female,3,5,2,4,3,3,3,3,2,4,3,2,1,3,5,5,3,3,2,6,4,4,11,8,7,8,7,9,10,2,4,8,7,8,6,7,10,8,9,10,8,8,10,10,9,7,9,11,8,10,9,11,11,9
1312853332,1,44.4,Male,2,3,3,4,3,3,3,1,2,3,4,4,1,5,5,4,5,3,4,8,7,7,9,6,6,5,6,6,6,4,1,6,3,1,1,1,1,1,1,5,6,5,6,6,6,3,4,6,5,5,5,5,6,5
1311305848,1,47,Male,2,2,5,2,1,5,3,4,1,3,2,2,1,1,2,1,1,1,3,3,6,6,8,6,7,5,5,3,3,1,2,1,2,3,4,4,6,6,3,8,8,8,7,6,6,7,5,8,5,8,8,7,8,7
1290200234,1,18.9,Female,2,2,3,4,3,3,3,2,1,2,4,4,3,3,4,2,3,3,2,10,5,6,6,6,9,9,9,8,9,6,3,7,8,4,3,10,5,4,2,6,9,5,4,4,3,4,5,6,4,8,8,5,6,5
1292986536,1,19.8,Female,1,3,2,2,1,1,2,2,2,4,5,4,2,4,5,3,4,4,5,9,4,10,6,4,9,7,2,6,3,2,3,9,7,2,7,9,8,7,6,5,4,3,3,4,5,6,7,6,5,8,7,5,6,6
1303985580,1,18.9,Female,2,1,3,2,1,3,1,3,3,5,5,3,1,1,3,1,3,1,3,11,8,7,10,5,2,4,4,2,5,2,6,4,5,5,6,6,7,5,7,6,5,2,2,5,7,4,5,7,4,7,2,3,7,3
1299444988,1,19.8,Female,1,1,3,2,1,3,3,5,2,5,3,5,3,5,5,5,2,4,4,11,11,9,11,11,5,4,9,5,9,6,8,11,11,8,6,10,10,10,6,10,10,11,10,9,10,8,6,6,8,10,6,10,4,9
1316114010,1,51.8,Female,1,2,3,3,3,3,3,4,2,4,4,4,2,4,1,2,2,3,4,5,5,6,6,6,6,4,4,6,3,4,3,6,4,6,1,7,10,7,6,6,9,7,9,6,10,5,9,9,9,8,8,3,9,8
1313443581,1,23.8,Female,1,1,5,4,4,3,3,4,1,4,4,4,2,1,2,2,4,1,3,6,8,6,9,7,3,8,9,5,5,1,6,6,7,5,9,8,8,7,9,7,8,7,8,8,10,6,3,8,8,10,10,11,11,9
1299396662,1,20.2,Female,3,2,4,3,3,3,3,4,2,5,5,5,2,5,5,4,5,5,3,11,5,7,9,6,11,11,11,8,10,3,7,6,8,8,9,11,11,10,7,8,9,11,7,11,11,9,4,6,7,11,9,10,11,8
1291018865,1,20,Female,4,2,4,2,1,4,2,4,4,2,5,3,2,4,2,4,5,5,3,11,9,11,11,10,10,9,10,8,6,6,7,7,6,5,8,11,10,11,9,9,9,9,10,10,7,6,7,5,10,6,3,7,8,3
1309038661,1,26,Female,1,1,3,4,3,2,5,1,1,5,5,3,3,3,5,5,5,5,5,11,8,9,10,11,5,9,9,7,5,3,7,6,5,6,3,4,6,2,6,4,8,9,7,6,6,8,5,7,6,9,7,8,10,6
1310912848,1,27.1,Male,5,3,4,4,4,4,3,2,5,5,4,4,3,5,5,5,5,5,5,11,7,11,11,11,9,9,8,9,8,7,6,9,11,11,3,4,6,8,3,6,6,7,6,7,10,10,6,10,10,9,9,9,9,9
1285536974,1,21.1,Female,4,3,4,3,4,2,3,4,3,4,4,4,4,4,5,3,3,4,4,10,7,8,2,5,9,5,5,4,4,3,6,7,8,8,8,5,7,6,10,9,6,11,5,4,7,6,8,9,10,9,10,7,10,8
1285780650,1,18.7,Female,2,2,4,2,1,3,1,1,2,5,4,5,1,4,5,5,3,5,4,10,10,9,11,9,9,11,10,10,8,11,9,8,9,11,1,11,10,10,1,10,11,11,10,9,10,11,10,11,10,10,9,10,9,11
1285042588,1,19.2,Female,1,1,3,4,1,2,2,4,3,2,5,5,2,3,5,2,4,3,4,11,8,10,10,10,8,10,9,10,6,6,10,10,8,10,1,11,11,8,3,10,11,11,10,11,11,11,11,8,11,10,10,8,11,9
1294293617,1,19.7,Female,3,3,4,2,3,3,3,3,1,3,4,5,3,5,5,4,5,1,4,11,6,10,11,6,8,9,6,6,6,6,6,8,6,6,11,11,10,8,9,8,10,8,10,11,8,8,6,8,11,11,9,1,11,9
1329628209,1,31.4,Female,2,3,3,2,3,3,3,3,4,4,5,5,4,5,3,4,3,5,3,10,8,9,11,9,10,10,10,10,7,3,5,5,6,3,7,9,8,9,8,8,9,9,7,8,5,2,4,8,10,6,6,6,6,6
1287715407,1,18.8,Female,2,2,4,3,2,4,3,3,4,5,5,5,2,4,5,5,5,5,5,10,9,11,10,11,11,11,11,10,6,6,10,10,11,7,9,11,10,7,3,11,11,11,11,11,9,11,10,10,9,11,6,2,10,9
1291498465,1,19.1,Female,4,3,4,3,2,4,3,1,2,5,3,5,2,4,5,4,5,4,4,11,9,10,10,10,9,11,10,9,11,5,4,6,7,5,2,10,10,9,3,9,9,8,9,8,10,11,7,9,10,10,9,10,10,10
1299927969,1,30.8,Male,3,3,3,3,3,2,4,4,4,5,3,5,2,4,,5,4,,3,11,11,11,11,11,11,11,11,11,11,5,5,7,6,7,9,5,5,6,6,10,9,8,9,8,6,6,5,5,8,11,8,10,9,9
1288940736,1,19.1,Male,2,2,3,4,3,4,2,4,3,4,3,4,2,3,4,4,3,4,4,10,10,10,10,10,10,9,10,10,8,8,8,8,8,7,7,10,10,10,7,9,9,9,9,9,9,9,6,8,8,3,3,3,3,3
1302564121,1,22.7,Female,2,1,3,4,1,1,2,3,4,5,5,4,3,1,2,5,4,1,3,10,11,6,11,11,10,10,9,10,7,2,8,11,11,10,3,10,10,9,3,10,11,11,8,9,11,9,9,9,10,10,10,11,11,9
1286942818,1,24.7,Female,3,3,4,3,2,2,3,5,2,4,3,3,2,5,3,2,2,1,4,10,6,7,2,8,10,10,6,6,9,7,5,8,9,8,9,9,8,9,7,11,11,11,11,11,11,8,8,11,11,10,9,9,2,10
1300044054,1,,Male,2,3,4,3,2,1,3,3,3,4,3,3,3,3,3,3,3,3,3,11,1,11,1,11,7,9,10,6,4,7,8,4,5,6,6,9,8,7,6,8,7,7,7,10,6,6,9,6,7,9,8,8,7,7
1302697336,1,38.9,Male,4,4,2,3,5,2,4,1,5,3,5,1,1,1,1,1,5,5,1,11,11,11,11,11,11,11,11,11,11,11,11,11,11,11,11,11,11,11,1,11,11,11,11,11,11,11,11,11,11,11,1,11,11,11
1298379128,1,19.9,Female,3,2,3,4,3,3,2,3,2,3,5,3,2,4,2,3,4,1,3,11,9,10,11,8,7,6,5,7,6,4,2,7,4,5,6,8,4,7,6,6,6,5,5,4,9,11,6,10,8,7,9,5,11,9
1313504364,1,41.8,Female,2,2,3,5,1,2,2,2,1,2,5,5,4,2,4,5,5,5,5,11,9,11,9,11,6,3,9,3,9,6,9,7,9,9,3,11,11,11,7,11,10,10,10,9,11,11,7,10,11,8,9,8,9,6
1296791150,1,21.7,Female,2,3,2,2,2,2,3,2,3,1,3,4,2,4,2,3,3,3,3,10,7,8,10,9,5,6,2,4,3,1,4,1,4,3,1,6,3,3,2,3,5,6,5,4,2,5,2,3,3,3,6,4,5,5
1294360875,1,19.8,Female,2,3,2,4,4,2,3,4,2,5,4,2,2,3,,4,2,5,5,6,5,7,10,9,8,6,9,9,4,4,5,7,4,4,4,11,10,8,10,3,4,6,2,4,8,6,4,8,7,7,9,8,4,5
1289262116,1,19.5,Female,1,2,1,1,1,1,2,5,3,4,5,4,1,3,4,4,3,2,5,9,7,6,10,6,8,8,3,4,8,10,9,10,10,10,2,6,8,7,4,8,4,8,3,6,10,10,7,7,10,6,8,9,10,10
1330326359,1,35.8,Female,3,4,4,2,3,3,2,2,2,3,2,3,1,4,1,3,3,3,4,8,7,5,9,6,5,4,10,6,8,2,4,2,3,3,9,8,9,8,6,6,8,10,4,5,8,3,5,4,7,8,8,3,4,9
1295746743,1,18.6,Female,2,2,4,4,2,4,2,4,2,4,5,5,4,4,2,2,3,4,2,10,5,7,10,9,10,9,10,8,10,4,8,7,10,7,1,7,8,5,3,8,9,9,2,6,6,5,8,6,8,9,9,4,7,8
1286822092,1,19.5,Female,3,3,2,2,2,2,2,1,3,5,5,5,3,3,5,3,4,3,4,11,7,8,11,11,5,5,6,4,5,4,6,5,7,5,6,6,7,11,4,7,8,7,8,8,7,5,1,5,7,11,10,8,9,8
1295436175,1,29.1,Female,4,4,4,5,4,5,4,5,3,5,5,2,1,5,4,3,2,2,5,8,9,10,9,10,10,10,10,10,10,3,6,4,5,6,7,10,9,10,10,7,8,6,7,7,6,7,4,8,9,4,8,8,1,10
1301285141,1,22.2,Male,3,2,1,4,2,2,2,5,3,3,1,1,1,3,1,1,1,3,3,9,6,10,11,10,11,11,7,9,11,4,9,9,10,10,9,7,10,5,7,11,11,11,8,11,10,11,1,8,11,10,9,5,7,10
1293046137,1,19.2,Female,2,2,3,4,1,4,3,2,1,5,5,4,1,3,5,4,4,3,2,10,8,6,4,6,9,4,4,5,3,3,3,7,4,6,3,7,9,6,8,4,3,8,7,5,7,10,6,4,9,10,10,7,10,4
1300671744,1,53.9,Female,1,2,1,1,1,1,1,4,2,3,1,4,1,3,3,2,4,2,3,8,9,9,7,9,9,9,9,7,8,9,9,8,8,9,9,9,9,3,9,9,8,8,9,9,8,9,9,10,9,2,2,5,2,2
1290119217,1,20.2,Female,3,3,2,4,1,2,4,4,2,3,4,5,1,4,5,2,4,4,2,10,7,8,10,6,8,11,5,9,7,6,4,5,8,4,2,9,4,8,7,7,9,8,6,4,3,11,8,4,10,8,5,9,10,10
1300403028,1,57.5,Female,1,1,2,4,1,2,2,5,1,4,,4,1,4,4,4,3,1,3,6,9,9,6,9,8,8,9,7,8,2,3,2,3,3,9,7,9,7,9,8,8,8,8,8,4,3,4,3,4,4,4,5,4,5
1297003759,1,19.6,Female,3,2,4,3,3,4,3,2,3,5,4,3,2,5,4,2,4,4,2,10,9,6,3,9,7,10,10,10,6,4,4,9,8,6,5,8,9,10,9,10,7,10,10,9,9,10,2,10,11,10,4,6,10,9
1309982923,1,58.9,Male,1,1,1,2,1,1,2,3,1,1,5,5,1,5,2,1,4,2,4,11,11,11,11,11,11,11,11,8,8,5,11,9,11,11,1,11,11,11,11,11,11,11,11,11,11,11,11,11,11,6,6,10,6,6
1294189401,1,19.8,Female,2,2,2,4,3,2,3,5,5,5,5,5,3,5,5,5,4,4,4,11,4,7,9,5,6,5,8,6,4,7,4,5,4,3,3,10,4,5,6,4,6,5,6,10,4,10,3,5,7,11,8,8,2,8
1288458121,1,20.3,Female,2,2,3,4,2,3,3,4,2,5,5,3,2,5,2,4,2,3,4,8,6,5,10,5,10,10,6,9,9,9,4,6,8,5,1,9,6,8,4,10,10,10,7,10,10,10,10,9,10,7,10,3,8,6
1286824792,1,19.7,Male,1,1,1,4,2,2,2,2,5,5,5,4,3,2,3,4,3,5,5,8,9,11,11,11,8,10,11,11,10,3,10,11,11,10,11,10,7,11,4,10,10,11,11,8,10,7,8,5,7,8,11,4,11,4
1298331547,1,21.1,Female,2,3,3,4,2,2,2,3,3,5,5,4,5,5,4,4,4,5,4,11,7,10,6,9,3,4,5,3,4,5,9,10,9,9,9,9,9,8,8,6,7,8,6,7,9,10,3,3,9,10,6,3,7,9
1296300194,1,23.2,Male,2,2,2,3,1,1,1,2,1,1,1,3,1,1,1,2,,1,2,8,8,8,8,8,5,9,8,4,4,4,3,5,3,7,1,7,4,4,2,7,7,8,4,5,4,4,4,5,7,10,8,10,1,3
1294309982,1,19.4,Female,2,1,4,3,1,4,1,4,4,5,5,5,1,5,5,5,5,3,5,11,7,9,11,8,10,11,11,6,11,3,4,8,9,3,4,10,10,11,6,11,10,10,11,7,10,11,6,10,10,10,10,10,11,8
1302699403,1,57.6,Female,1,1,3,2,1,3,2,1,1,5,5,5,3,5,5,5,3,3,5,11,6,11,11,11,11,9,11,9,11,9,11,9,11,9,10,6,10,10,6,9,10,11,9,9,9,9,1,7,11,8,8,8,1,8
1289213618,1,29.1,Female,4,4,4,1,5,5,3,4,4,5,3,5,4,5,3,1,5,3,4,7,5,9,5,7,11,4,6,11,8,5,6,8,8,10,6,6,6,8,6,4,6,4,5,7,4,3,2,9,7,8,3,1,1,6
1287440399,1,21,Male,1,1,4,3,1,2,1,2,4,3,5,4,1,4,4,3,5,1,4,11,11,10,10,9,7,7,8,6,7,1,4,3,5,2,4,6,7,7,6,9,10,9,11,10,9,6,7,7,8,7,9,6,9,6
1286487440,1,20.6,Female,3,3,4,4,3,3,4,2,1,2,3,4,2,3,2,4,3,1,2,7,3,4,4,2,5,9,7,8,8,3,4,4,5,7,3,8,7,9,9,8,8,9,10,10,8,8,5,3,6,10,9,10,9,10
1298689302,1,19.2,Female,4,3,5,4,4,4,4,2,3,3,5,4,2,4,2,3,4,4,3,10,9,6,9,8,7,8,2,2,5,6,1,4,7,4,2,7,6,7,2,6,5,8,8,9,8,9,4,9,9,8,9,4,6,8
1305434787,1,52.2,Female,2,4,2,4,1,1,5,1,3,3,3,1,1,5,1,4,3,5,4,11,11,11,11,11,6,6,6,6,6,8,6,6,6,6,4,4,4,4,4,5,5,5,5,5,4,4,4,4,4,3,3,3,3,3
1290553403,1,22,Female,4,4,3,2,5,2,4,4,4,4,5,4,2,5,5,4,4,4,5,11,8,9,11,9,11,11,11,11,11,10,10,11,11,10,9,7,8,8,7,10,10,10,10,10,10,6,8,10,9,4,2,6,1,10
1284956020,1,19.5,Female,2,2,4,3,2,3,2,3,4,2,4,5,2,5,3,2,5,2,4,11,9,9,11,10,7,7,9,7,8,2,5,4,5,5,2,9,4,8,5,8,6,8,7,5,8,4,4,2,7,9,7,9,10,9
1300301585,1,23.5,Female,1,1,4,3,1,2,1,5,2,5,4,5,2,3,4,4,4,3,3,10,10,9,11,9,9,9,9,9,9,3,3,4,3,4,3,5,5,5,3,6,6,6,5,5,7,4,6,5,5,10,7,5,10,5
1298419149,1,21,Male,2,2,1,3,2,1,2,3,2,1,4,4,1,2,1,1,4,3,4,7,8,9,8,4,8,7,9,6,3,2,5,3,6,3,7,7,8,9,6,9,10,8,9,6,7,7,8,10,8,6,1,1,3,8
1284962450,1,21.7,Female,1,1,2,1,1,1,1,5,4,3,2,4,2,3,5,3,3,2,3,9,8,7,8,8,6,6,6,3,4,4,4,4,4,4,2,3,3,7,3,8,9,9,8,9,6,3,3,2,6,2,2,2,2,2
1305389498,1,20.2,Female,3,3,4,3,4,4,4,3,4,4,4,4,3,2,4,4,4,5,4,7,5,9,11,6,3,6,9,3,3,3,5,8,6,7,9,7,8,5,4,10,10,10,9,10,10,11,9,8,9,9,9,8,3,6
1302577879,1,24.9,Female,2,4,1,4,1,1,4,4,3,5,5,4,1,5,5,5,4,5,5,10,10,8,9,10,4,7,5,4,8,3,1,4,2,3,7,10,10,10,9,8,9,9,7,9,9,9,7,9,9,7,7,6,7,6
1294489788,1,19,Female,1,1,3,3,1,1,1,5,3,4,5,5,2,4,4,4,4,3,4,10,9,9,10,9,4,8,5,5,2,1,4,3,6,8,6,3,9,5,3,9,7,9,6,6,9,9,8,6,9,10,10,7,8,6
1294519210,1,19.6,Male,3,2,4,2,2,3,2,4,2,2,2,2,1,3,4,3,2,3,4,9,8,7,10,10,6,9,6,8,7,7,5,8,9,9,5,9,8,9,7,10,8,10,8,10,10,10,8,9,10,2,7,1,3,1
1285499152,1,19.8,Female,1,1,1,4,2,2,3,2,2,5,4,4,2,2,4,2,3,3,4,9,8,9,4,5,7,8,2,9,4,8,6,8,8,3,4,9,7,3,9,5,9,4,8,7,8,7,1,9,10,9,7,4,1,8
1309048213,1,27.7,Male,1,1,4,5,3,1,5,5,5,1,3,5,1,1,4,5,5,5,5,11,11,11,11,11,10,11,1,11,6,1,11,11,11,11,6,11,11,11,11,11,11,11,11,11,11,11,11,11,11,11,11,11,11,11
1294583514,1,19,Female,1,2,2,4,1,1,1,2,4,3,5,5,2,1,3,4,3,5,5,10,4,5,10,6,3,4,5,3,5,2,2,2,4,4,1,3,4,1,2,1,1,1,1,1,1,1,1,1,1,5,6,4,5,9
1314579383,1,34.4,Female,2,3,1,2,1,1,2,3,3,3,4,3,2,4,4,3,4,4,3,10,10,10,10,10,10,10,10,10,10,10,2,5,2,5,3,8,9,7,8,5,6,6,6,3,8,8,8,8,8,8,8,8,11,4
1303946159,1,20.3,Female,1,2,1,1,1,1,1,4,3,5,5,4,2,2,1,1,3,4,2,11,9,7,11,7,9,8,11,7,11,3,4,6,7,5,1,8,7,6,3,9,7,7,7,8,10,8,2,8,7,9,8,10,11,9
1315077822,1,45.7,Female,5,5,5,4,5,5,5,2,5,5,1,5,1,5,4,4,4,2,5,11,11,11,10,6,6,9,5,8,8,4,4,3,7,6,9,9,10,8,10,10,10,8,7,9,9,11,10,2,6,7,4,7,4,4
1308885370,1,20.8,Female,2,3,4,3,3,4,3,2,3,5,5,5,2,5,4,3,5,5,4,11,7,11,10,10,5,9,9,6,9,9,5,7,5,3,2,10,10,9,7,11,11,11,11,11,11,11,10,11,11,11,11,5,9,7
1312654594,1,22.1,Female,4,4,5,3,4,4,4,5,3,3,1,2,1,4,5,2,3,5,1,7,3,4,7,7,2,6,6,5,2,7,7,5,8,7,1,9,6,11,8,8,1,7,8,9,9,10,7,3,7,7,4,7,2,9
1292536147,1,19,Male,2,3,3,3,2,3,2,2,4,5,4,3,2,2,4,4,3,3,4,9,4,7,9,7,3,5,2,3,5,3,4,5,7,7,1,9,5,8,2,11,5,7,8,8,8,5,3,9,9,8,8,9,9,9
1294554193,1,19,Female,3,2,5,3,2,3,2,1,2,5,5,5,2,3,5,3,5,4,4,11,8,9,10,9,9,9,8,7,7,3,3,6,8,3,2,11,7,9,2,11,9,10,10,8,10,9,7,11,9,10,9,7,5,7
1286930216,1,18.7,Female,2,2,3,3,1,2,1,4,1,5,5,5,2,5,4,3,5,3,5,9,6,5,9,8,4,10,9,9,4,2,4,6,5,2,1,9,9,8,4,6,8,7,9,8,10,9,5,9,9,9,6,3,3,7
1300562798,1,19.5,Female,2,3,3,4,3,2,5,5,4,3,3,4,4,5,5,5,5,5,3,11,10,11,11,10,8,10,10,10,10,5,3,9,9,9,5,11,7,11,8,3,8,9,8,9,10,4,8,6,9,9,7,10,1,5
1289949377,1,44,Female,2,3,4,3,2,3,4,4,2,4,5,4,1,5,3,4,4,4,5,10,9,9,8,9,10,9,10,10,8,4,10,2,9,9,9,10,10,10,9,9,10,10,9,8,10,5,9,9,8,4,3,3,3,3
1295591978,1,20.5,Female,2,1,3,3,1,4,1,3,1,4,3,3,2,4,4,5,3,3,5,9,7,8,5,7,9,8,9,9,8,1,3,5,4,1,4,6,5,4,3,2,8,8,9,7,8,9,6,8,7,9,10,10,10,9
1314443356,1,44,Male,3,3,3,3,2,2,3,1,1,1,4,3,3,2,1,1,1,1,1,9,8,11,11,11,11,11,11,11,11,7,9,9,8,9,9,10,11,11,10,9,10,9,10,8,4,5,5,6,6,4,4,4,4,4
1312606112,1,24,Female,2,1,3,3,2,2,3,4,4,5,5,5,3,5,5,5,5,5,5,11,10,10,11,8,11,10,10,11,10,4,8,9,10,9,10,10,11,5,11,10,10,10,11,11,11,10,7,11,11,11,10,1,10,1
1309884676,1,30.5,Male,2,2,3,2,3,3,2,1,3,2,1,3,3,4,1,4,4,4,1,11,11,11,11,11,10,10,11,11,10,10,8,9,11,9,3,8,9,8,7,9,9,10,8,10,11,11,1,9,5,10,9,1,9,8
1286302266,1,20.6,Female,4,4,4,4,4,4,4,4,1,2,1,3,3,3,3,3,3,5,3,8,8,8,9,7,9,9,9,5,9,5,5,5,5,9,1,8,4,8,1,8,8,8,8,8,11,11,3,3,8,8,8,8,11,3
1295412418,1,29.5,Female,1,1,3,4,1,3,3,2,2,2,3,2,1,2,4,2,2,3,3,9,11,11,11,11,9,9,9,9,9,8,6,8,8,8,3,4,3,4,3,9,9,9,11,7,10,5,3,6,7,10,11,11,10,10
1290415640,1,20.9,Female,3,4,4,3,4,3,2,5,3,5,4,4,4,3,4,2,3,2,2,10,10,11,10,10,7,9,9,8,9,2,9,4,3,8,3,9,11,10,7,10,9,10,10,11,6,9,2,3,9,9,9,9,9,9
1285517187,1,18.7,Female,1,1,3,3,1,3,2,4,1,5,5,5,1,5,5,4,4,3,5,9,8,6,11,9,6,9,7,8,5,4,3,6,3,3,1,7,7,9,7,4,7,5,7,8,10,10,9,8,10,9,9,2,2,4
1302984728,1,19.2,Female,2,2,2,4,1,1,2,3,1,4,3,1,1,1,3,3,2,1,3,8,2,7,8,4,8,3,9,7,3,2,7,6,9,9,1,6,8,8,2,6,6,9,6,8,3,2,8,10,2,6,4,5,3,2
1287493133,1,20.2,Female,1,1,1,4,4,1,3,4,3,5,5,5,1,5,3,5,5,1,1,11,4,10,11,10,9,9,7,9,9,8,5,10,9,8,4,10,10,10,2,11,10,3,10,2,11,11,11,11,9,10,7,10,10,10
1309470141,1,30.4,Male,3,2,3,4,3,4,3,2,1,4,1,4,3,3,5,2,3,1,5,10,10,9,10,9,4,6,5,4,4,2,1,2,2,3,2,2,3,4,3,2,2,2,3,4,6,4,2,7,2,5,6,8,3,4
1303907547,1,20.6,Female,2,2,3,4,2,3,3,4,2,4,4,4,2,4,2,2,3,4,3,9,3,7,11,6,9,5,9,6,5,2,5,8,10,5,3,10,9,9,3,8,6,6,9,10,10,3,2,8,9,10,7,9,11,7
1300910838,1,40.3,Female,2,2,2,1,1,1,1,4,2,5,3,3,4,2,4,4,4,3,3,9,8,6,9,8,2,5,6,4,6,2,3,1,1,1,2,1,6,2,1,5,2,3,6,6,6,3,9,8,6,5,2,7,9,5
1303389776,1,19.9,Male,1,1,2,3,3,2,2,1,3,4,3,2,4,5,2,4,3,2,1,11,11,11,11,11,11,11,11,11,11,9,9,9,9,9,10,10,10,10,10,7,7,7,7,7,10,10,10,10,10,3,3,3,3,3
1287085733,1,20.6,Female,2,3,1,4,1,1,2,2,3,5,5,5,3,5,4,5,5,5,5,11,9,10,11,11,10,8,10,9,9,4,3,7,8,9,2,5,3,5,3,6,5,3,4,5,10,10,5,9,8,6,7,9,6,5
1290928682,1,19.2,Female,1,2,2,2,1,1,1,1,1,3,3,4,3,1,4,1,1,1,1,11,7,8,8,6,5,6,5,3,5,3,2,8,7,6,1,9,10,6,7,10,7,9,10,8,9,5,2,10,2,9,7,10,10,5
1288423777,1,21.9,Female,4,3,3,4,2,3,3,2,1,2,3,3,3,1,3,3,3,4,2,10,7,6,9,7,8,11,8,7,11,1,1,3,5,3,2,7,4,8,2,8,7,8,6,8,9,8,3,5,9,7,10,8,7,5
1320633326,1,20.3,Female,4,3,3,4,2,3,4,4,4,5,5,5,1,5,4,4,3,1,3,11,7,10,10,9,7,9,5,7,8,9,10,10,8,2,1,6,3,4,4,10,10,9,8,11,10,8,11,11,10,11,10,9,11,6
1285868254,1,19.2,Female,2,1,4,2,1,3,2,4,1,5,5,2,1,2,2,4,1,3,2,6,5,9,11,10,8,11,3,9,2,10,6,9,8,4,2,9,11,10,10,9,8,10,5,10,9,10,11,5,11,10,11,7,11,5
1290489041,1,19.9,Female,1,1,2,5,1,1,3,4,1,4,5,3,1,4,4,4,5,1,5,11,5,5,6,5,2,4,6,3,6,5,1,6,2,6,1,8,7,9,7,9,10,8,10,10,6,8,1,4,9,6,9,4,8,5
1312926422,1,30,Female,2,2,3,4,3,3,2,5,4,5,5,5,3,4,5,4,5,5,5,10,10,10,10,10,9,9,10,9,9,4,6,7,7,4,1,3,2,2,2,8,8,9,7,6,10,8,10,9,10,5,7,9,7,7
1296815407,1,24.3,Male,3,2,2,4,3,2,2,2,2,3,2,4,2,1,1,1,3,4,2,9,10,10,10,10,8,8,8,8,8,2,1,5,6,3,10,9,10,9,10,8,9,5,5,4,8,3,4,10,10,8,5,9,4,3
1316094954,1,54.6,Female,1,2,2,3,1,2,1,1,1,1,1,1,1,1,3,3,1,1,1,6,2,4,6,3,7,5,4,4,2,2,7,2,8,6,2,3,1,3,3,7,8,8,8,8,9,8,9,8,9,9,9,9,10,9
1290339357,1,21.2,Female,1,3,3,3,1,3,4,2,1,5,3,4,1,1,5,1,1,2,1,8,4,3,9,7,9,9,9,9,9,7,2,9,9,9,1,8,8,8,1,8,8,8,5,8,10,2,3,9,10,10,9,9,10,10
1288340589,1,48.6,Female,5,5,5,5,5,5,5,5,5,5,3,3,1,3,1,1,5,5,5,11,11,11,11,11,11,11,11,11,11,5,11,8,11,5,5,9,5,3,3,11,11,11,6,6,11,11,11,11,11,11,11,6,11,6
1301590548,1,19.9,Female,3,4,4,3,4,3,5,4,4,4,4,5,2,3,4,3,4,5,4,11,7,6,11,8,8,9,5,10,9,7,1,4,4,7,1,7,4,7,7,9,4,11,11,11,6,11,8,7,9,10,10,10,10,10
1293719717,1,18.5,Female,2,1,4,3,2,3,3,5,3,4,5,5,3,3,5,5,5,5,5,11,9,9,11,9,11,11,11,11,8,2,3,11,11,4,3,11,11,11,11,11,11,11,11,11,11,7,11,11,11,11,11,5,6,11
1284596865,1,19.3,Male,1,1,2,3,1,1,1,5,2,5,3,4,3,1,5,1,4,2,1,11,7,11,11,8,8,7,6,9,4,3,5,5,9,5,3,11,10,3,3,7,10,6,10,8,5,6,3,8,6,11,11,5,11,5
1290019761,1,19.5,Female,3,3,4,2,4,2,3,4,4,5,5,4,2,4,4,3,4,1,4,10,9,9,10,9,7,7,7,7,7,1,1,2,1,2,3,8,6,5,2,5,7,7,6,5,3,4,6,3,10,8,4,5,11,4
1312600363,1,51.5,Female,2,2,3,3,3,2,1,3,2,4,4,4,1,3,4,4,4,3,5,10,6,4,9,8,1,5,2,2,3,1,8,7,8,10,8,8,8,7,8,6,5,6,4,2,7,7,3,5,4,1,1,2,1,2
1285498295,1,19.4,Female,1,1,4,3,1,2,3,4,1,5,5,4,2,3,1,2,4,1,5,10,5,7,5,9,3,8,6,6,5,1,1,1,1,2,1,6,8,2,5,5,5,5,4,4,10,7,2,9,9,8,6,10,8,8
1334079329,1,28.4,Female,3,3,4,3,3,3,1,3,4,5,5,5,1,5,5,5,5,5,5,8,7,5,9,8,9,10,9,9,8,9,9,9,9,8,5,4,9,8,7,10,9,9,8,9,8,3,7,8,8,1,1,1,1,1
1294889828,1,20,Female,1,2,3,3,2,2,4,5,4,4,4,4,1,1,4,3,4,5,5,10,6,9,10,9,11,10,11,11,10,9,7,2,2,3,2,8,6,8,2,10,10,10,10,10,10,10,10,8,10,9,10,9,3,7
1299341439,1,20.2,Female,2,2,3,4,1,2,3,2,2,5,4,4,2,5,5,3,4,4,5,11,8,10,11,10,11,9,11,7,4,11,10,11,11,11,11,11,11,11,11,10,9,11,8,4,7,6,5,2,2,10,9,2,7,8
1309039397,1,39.9,Female,1,1,1,1,1,1,1,5,1,3,3,1,3,3,5,3,5,3,3,8,1,3,1,1,1,3,1,1,1,2,2,11,1,1,4,1,1,1,4,1,2,1,5,4,2,2,1,3,1,11,3,2,3,11
1293532075,1,18.6,Male,2,2,3,4,2,2,2,2,4,4,5,4,3,4,4,4,4,4,4,10,8,8,10,8,7,8,8,7,6,2,1,1,1,3,2,8,8,4,2,8,9,9,8,9,8,8,3,9,10,9,9,5,10,6
1321537212,1,19.4,Female,2,2,3,3,2,3,2,3,3,2,3,3,2,2,2,3,3,4,3,10,10,10,10,10,10,10,10,10,10,3,1,3,4,3,1,8,9,8,8,4,7,9,9,9,9,9,3,5,9,4,8,4,8,6
1310880883,1,28.4,Female,2,2,2,2,3,2,2,5,4,5,5,4,1,4,5,5,5,4,5,10,10,10,10,10,9,10,10,7,8,1,3,5,3,4,1,3,1,2,2,9,9,9,6,6,8,9,6,4,7,7,7,7,7,7
1300354500,1,40.6,Female,1,2,3,3,3,3,2,5,2,3,5,3,2,5,2,4,3,1,2,11,9,10,11,9,10,9,9,9,7,6,9,8,11,9,1,8,11,2,7,10,11,11,11,11,9,8,7,1,9,6,10,4,1,8
1294302746,1,20.6,Male,2,2,4,4,1,4,4,2,5,2,2,4,1,1,4,5,5,2,5,11,5,9,11,9,11,11,11,11,9,4,4,11,11,8,8,11,10,9,10,11,11,11,11,11,8,9,1,6,11,11,11,10,2,2
1295935373,1,20.7,Female,1,3,3,2,4,2,3,3,1,5,4,4,4,1,5,5,5,1,5,11,4,11,9,5,5,5,5,5,5,1,7,1,9,7,11,8,11,1,6,8,7,6,4,6,8,8,1,8,8,10,10,10,10,10
1295646154,1,19.2,Male,1,1,2,3,1,1,2,4,3,3,4,5,1,4,3,5,5,3,2,11,8,10,11,10,5,5,3,5,6,3,2,3,8,2,1,3,4,5,3,10,9,9,10,9,9,7,1,8,7,8,5,2,5,5
1307906557,1,19.7,Female,2,3,3,4,3,4,4,2,2,5,5,3,2,5,3,4,4,2,4,11,7,8,10,9,6,8,3,9,4,1,3,9,7,4,1,8,7,6,1,3,4,9,10,8,3,10,9,2,7,8,3,9,1,7
1284864257,1,23.2,Female,1,1,3,3,1,2,1,4,3,5,3,3,2,1,3,2,2,5,4,11,9,10,7,10,5,6,3,10,5,1,8,10,8,5,1,11,5,11,1,9,9,9,9,9,10,11,5,4,10,7,6,4,8,3
1291147370,1,18.7,Female,3,2,4,4,2,3,2,5,2,5,3,4,2,3,5,2,4,3,3,11,7,10,11,8,9,10,7,11,7,1,3,11,3,6,1,11,4,5,2,11,11,11,11,9,9,4,8,6,8,9,9,8,8,8
1289367133,1,20,Female,1,3,2,4,2,2,3,3,1,5,5,4,3,5,3,4,4,5,1,11,10,11,11,11,9,10,10,8,9,8,1,1,1,1,3,8,9,8,6,10,9,8,9,9,10,11,7,10,9,11,11,6,9,10
1291531544,1,21.1,Male,5,3,4,3,3,4,4,2,3,5,5,5,1,1,4,1,1,5,4,11,9,10,10,8,9,10,8,5,9,7,9,2,3,3,1,8,10,7,10,11,9,11,11,10,10,3,1,4,9,7,9,9,10,3
1303993753,1,36.2,Female,3,4,4,4,3,3,3,1,1,3,5,3,3,4,3,3,3,3,4,9,8,6,6,6,11,11,11,11,11,10,1,6,1,3,8,11,10,1,10,11,11,11,11,11,10,10,9,10,10,11,11,11,11,11
1302178747,1,53,Female,3,4,4,3,4,3,4,2,1,2,3,4,4,5,4,3,4,4,3,11,11,11,11,11,5,5,6,5,4,3,3,4,5,5,5,5,5,2,5,3,5,4,5,3,5,4,2,4,4,9,11,11,1,11
1294060523,1,19.7,Female,1,1,4,3,1,3,1,3,2,4,5,4,1,5,5,4,3,5,5,10,10,9,11,9,6,7,5,3,7,1,3,1,6,7,1,7,3,2,1,1,7,8,4,8,7,4,1,3,9,10,9,5,2,4
1302017003,1,19.9,Female,2,3,2,2,2,2,2,1,4,4,3,4,3,3,5,2,3,4,4,9,10,9,10,11,8,2,1,7,4,1,5,1,5,3,1,9,7,8,6,8,6,5,7,1,8,6,10,8,10,9,8,2,11,6
1287826890,1,22,Female,1,3,3,3,3,3,3,3,3,4,3,4,4,1,1,1,1,1,1,11,10,10,11,11,3,4,4,4,4,10,9,9,8,8,7,6,5,7,5,8,7,7,8,7,11,11,1,1,11,1,11,10,11,10
1289052258,1,44.6,Female,1,1,3,3,3,3,2,5,1,5,5,4,3,3,3,3,4,4,5,11,11,11,11,11,8,9,10,9,9,3,9,10,11,11,8,10,11,11,8,11,10,10,4,4,9,2,9,5,7,3,3,2,3,2
1287108496,1,27.3,Female,3,3,4,2,3,2,2,5,1,5,4,3,1,2,5,3,3,3,4,7,10,8,11,11,3,1,7,1,5,3,9,7,8,8,8,8,5,7,5,10,10,10,9,7,6,4,10,7,6,1,1,1,1,1
1285091929,1,20.3,Female,3,2,4,3,1,3,3,4,2,5,5,4,2,4,5,4,3,4,5,11,9,11,11,11,2,2,3,2,2,1,1,1,1,1,1,1,1,1,1,1,1,1,1,1,1,1,3,3,2,2,1,2,1,2
1295422366,1,21.4,Male,1,2,3,3,1,2,4,4,1,3,5,5,1,2,1,3,3,4,4,10,10,10,10,10,10,10,10,10,10,2,2,2,2,2,2,2,2,2,2,3,3,3,3,3,4,4,4,4,4,7,7,7,7,7
1284476446,1,18.4,Female,3,2,5,4,2,4,3,4,2,5,5,4,2,5,4,4,5,4,5,10,2,3,11,8,7,6,2,8,5,2,1,11,8,5,1,11,11,3,6,8,3,9,2,9,7,10,1,4,10,7,10,9,5,8
1288274230,1,24.3,Female,2,2,3,3,1,2,2,3,1,5,3,2,1,3,5,3,2,4,3,11,3,10,11,8,6,11,9,6,4,4,8,2,7,10,3,4,3,1,2,7,11,5,11,10,11,11,9,11,6,11,6,5,11,3
1374158937,1,58.5,Female,4,5,5,4,4,4,4,4,2,4,4,5,1,5,2,1,4,2,4,10,11,11,7,10,5,6,4,5,4,10,10,9,11,10,10,9,11,11,11,4,10,6,9,4,11,11,11,10,11,2,1,1,2,7
1296657987,1,28.9,Female,4,3,3,3,4,2,3,4,4,5,4,5,1,2,4,4,5,4,4,10,7,9,5,9,9,6,5,2,2,1,9,2,9,9,7,2,8,10,2,10,2,4,9,10,10,9,2,10,10,2,2,9,5,2
1293139953,1,19.2,Male,3,4,2,2,1,1,3,1,3,5,4,4,3,4,4,5,5,2,4,11,10,11,11,11,10,10,9,4,2,2,1,5,2,9,7,10,10,7,10,9,4,4,8,8,3,8,3,3,9,4,2,3,8,2
1303968027,1,20.4,Female,2,2,3,3,2,2,3,4,1,4,5,5,2,2,1,4,5,4,4,10,3,6,11,8,4,2,3,1,1,1,2,3,4,2,1,3,1,1,2,8,8,4,7,10,8,5,1,4,10,9,8,1,11,3
1304114161,1,20.5,Female,2,2,2,3,2,2,3,4,3,4,4,4,2,4,4,4,4,5,4,9,8,9,6,10,9,3,5,11,9,1,9,3,10,3,6,11,11,11,6,10,3,1,1,10,2,2,10,10,10,10,10,6,10,10
1297428562,1,20.9,Female,3,4,4,5,5,4,5,4,2,4,4,4,2,5,5,4,5,4,5,11,8,8,11,10,11,11,11,11,9,10,2,1,10,10,10,10,1,11,10,2,1,5,9,11,10,11,2,8,11,11,11,9,11,11
1288936319,1,20.1,Female,1,1,1,1,1,1,1,5,5,5,3,4,1,5,2,5,4,5,1,10,2,2,10,2,2,2,2,9,5,1,1,1,6,8,1,7,7,4,1,10,10,9,7,8,8,7,8,4,8,9,8,10,11,11
1309800168,1,38.4,Female,2,2,2,2,2,2,2,5,5,5,5,5,1,1,5,4,5,5,5,11,9,11,11,9,11,11,3,3,11,7,11,7,11,11,1,11,1,11,7,9,6,6,6,6,6,6,1,1,6,5,5,7,3,1
1288811102,1,19.5,Female,2,3,4,3,2,2,3,4,4,3,4,4,3,3,5,4,4,5,5,11,10,9,10,8,4,7,3,4,2,7,9,1,11,1,2,8,3,11,1,9,7,9,6,11,5,3,4,2,11,2,1,7,4,1
1309106676,1,28.6,Male,2,3,2,3,3,2,3,5,5,5,2,1,5,5,2,5,2,5,5,11,11,11,7,11,9,4,9,6,3,1,2,11,9,9,9,9,9,3,9,4,8,11,9,11,11,11,2,3,11,10,10,2,1,3
1299001669,1,20.9,Female,2,3,3,3,4,2,2,5,3,3,5,3,3,4,4,5,1,5,2,10,10,11,10,11,11,11,11,2,2,11,7,5,1,9,4,11,11,11,8,7,8,11,11,10,11,8,11,1,11,1,3,4,8,11
1312766598,1,30.7,Female,4,3,4,3,3,3,3,4,1,4,2,5,5,1,5,1,4,4,5,9,3,6,8,7,1,1,1,1,1,1,1,9,8,10,4,2,10,10,9,9,10,10,10,9,10,10,10,10,9,10,8,7,10,9
1285091319,1,19.5,Female,1,2,3,2,2,1,3,4,3,3,5,2,2,1,1,3,3,5,4,11,10,8,11,9,11,11,11,11,11,6,4,2,3,5,1,7,8,6,5,10,9,11,10,11,3,2,5,2,8,9,5,11,1,1
1286186287,1,21.7,Female,2,4,5,5,3,4,4,2,3,5,4,2,1,5,5,1,4,5,3,11,11,9,8,11,11,3,6,9,6,9,1,7,1,2,11,11,5,11,8,3,11,1,10,1,11,8,7,11,11,6,11,8,10,1
1302527721,1,31.8,Female,1,2,3,4,4,2,2,4,2,5,5,4,1,3,1,4,1,1,2,11,1,4,11,7,8,11,11,4,11,1,1,3,4,3,1,5,8,1,8,11,11,11,1,11,5,11,11,5,4,5,6,7,6,8
1285417502,1,40.8,Female,5,5,4,4,5,5,5,2,5,5,5,5,2,5,5,5,5,5,5,11,11,11,11,11,11,11,11,11,11,4,2,5,8,2,1,7,1,3,2,1,4,10,6,8,10,10,3,9,10,9,10,8,2,11
1284523720,1,27.3,Female,3,4,2,4,5,3,4,4,1,3,5,2,3,1,2,3,3,2,4,10,8,11,8,11,11,10,7,9,10,1,1,6,1,4,1,6,7,10,4,11,11,11,11,11,8,5,4,7,10,2,1,1,1,9
1314059612,1,55.4,Female,1,1,1,2,1,1,1,2,1,1,4,5,1,4,2,3,2,1,2,11,11,11,11,11,7,1,9,4,10,2,11,2,9,10,7,9,9,8,8,9,10,8,10,10,11,3,11,9,11,1,1,1,1,1
1296245157,1,39.4,Female,2,4,5,3,3,3,3,5,3,5,3,5,1,1,3,1,5,5,3,9,10,7,10,3,9,1,6,3,4,1,6,6,1,1,1,8,8,1,1,1,1,1,3,7,9,10,1,1,9,11,11,10,11,9
1312571798,1,50.8,Female,1,1,3,3,3,3,3,3,3,5,5,5,1,5,1,5,5,5,5,11,4,9,8,7,9,10,7,9,7,6,5,11,11,11,1,11,9,11,2,11,11,11,11,11,1,1,1,4,3,11,2,2,1,10
1285693755,1,18.7,Female,2,2,1,4,2,2,5,4,1,4,5,4,5,5,5,5,5,3,3,8,7,11,11,11,8,1,1,3,1,1,1,8,8,4,2,7,2,7,2,1,1,1,1,1,9,9,4,9,9,11,11,1,11,11